-- Adminer 4.8.1 MySQL 5.5.5-10.8.5-MariaDB-log dump

SET NAMES utf8;
SET time_zone = '+00:00';
SET foreign_key_checks = 0;
SET sql_mode = 'NO_AUTO_VALUE_ON_ZERO';

SET NAMES utf8mb4;

DROP TABLE IF EXISTS `master_barang`;
CREATE TABLE `master_barang` (
  `idbarang` int(10) NOT NULL AUTO_INCREMENT,
  `namabarang` varchar(200) NOT NULL,
  `stok` int(5) NOT NULL,
  `harga` int(10) NOT NULL,
  `updated_at` datetime NOT NULL,
  `updated_by` varchar(100) NOT NULL,
  PRIMARY KEY (`idbarang`)
) ENGINE=InnoDB DEFAULT CHARSET=utf8mb4;

TRUNCATE `master_barang`;
INSERT INTO `master_barang` (`idbarang`, `namabarang`, `stok`, `harga`, `updated_at`, `updated_by`) VALUES
(1,	'WEDANG JAHE ORIGINAL',	6,	8000,	'2025-08-12 17:22:00',	'user'),
(2,	'SUSU TELUR MADU JAHE',	4,	10000,	'2025-08-12 16:32:00',	'admin'),
(3,	'WEDANG JAHE GULA MERAH',	0,	10000,	'2025-08-12 23:04:00',	'user'),
(4,	'WEDANG RONDE MADU',	0,	12000,	'2025-08-10 16:57:25',	'SYSTEM'),
(7,	'WEDANG UWUH MADU',	10,	15000,	'0000-00-00 00:00:00',	'');

DROP TABLE IF EXISTS `roleuser`;
CREATE TABLE `roleuser` (
  `idrole` int(2) NOT NULL AUTO_INCREMENT,
  `namarole` varchar(100) NOT NULL,
  `is_active` enum('1','0') NOT NULL,
  PRIMARY KEY (`idrole`)
) ENGINE=InnoDB DEFAULT CHARSET=utf8mb4;

TRUNCATE `roleuser`;
INSERT INTO `roleuser` (`idrole`, `namarole`, `is_active`) VALUES
(1,	'ADMINISTRATOR',	'1'),
(2,	'USER',	'1');

DROP TABLE IF EXISTS `transaksi`;
CREATE TABLE `transaksi` (
  `idtransaksi` int(10) unsigned zerofill NOT NULL AUTO_INCREMENT,
  `iduser` varchar(100) NOT NULL,
  `totalbarang` int(2) NOT NULL,
  `totalharga` int(10) NOT NULL,
  `penerima` varchar(200) NOT NULL,
  `created_at` datetime NOT NULL,
  `created_by` varchar(100) NOT NULL,
  PRIMARY KEY (`idtransaksi`),
  KEY `totalharga` (`totalharga`),
  KEY `iduser` (`iduser`),
  CONSTRAINT `transaksi_ibfk_3` FOREIGN KEY (`iduser`) REFERENCES `user` (`iduser`) ON DELETE NO ACTION ON UPDATE NO ACTION
) ENGINE=InnoDB DEFAULT CHARSET=utf8mb4;

TRUNCATE `transaksi`;
INSERT INTO `transaksi` (`idtransaksi`, `iduser`, `totalbarang`, `totalharga`, `penerima`, `created_at`, `created_by`) VALUES
(0000000001,	'admin',	2,	20000,	'pembeli 1',	'2025-08-12 14:24:08',	'admin'),
(0000000002,	'admin',	2,	18000,	'pembeli 2',	'2025-08-12 14:24:42',	'admin'),
(0000000003,	'admin',	1,	8000,	'pembeli 3',	'2025-08-12 14:25:24',	'admin'),
(0000000004,	'admin',	2,	18000,	'Pelanggan 001',	'2024-01-05 09:15:00',	'admin'),
(0000000005,	'admin',	3,	35000,	'Pelanggan 002',	'2024-01-08 10:30:00',	'admin'),
(0000000006,	'admin',	1,	8000,	'Pelanggan 003',	'2024-01-12 14:20:00',	'admin'),
(0000000007,	'admin',	2,	22000,	'Pelanggan 004',	'2024-01-15 16:45:00',	'admin'),
(0000000008,	'admin',	4,	45000,	'Pelanggan 005',	'2024-01-18 11:10:00',	'admin'),
(0000000009,	'admin',	2,	20000,	'Pelanggan 006',	'2024-01-22 13:25:00',	'admin'),
(0000000010,	'admin',	3,	33000,	'Pelanggan 007',	'2024-01-25 15:40:00',	'admin'),
(0000000011,	'admin',	1,	10000,	'Pelanggan 008',	'2024-01-28 09:55:00',	'admin'),
(0000000012,	'admin',	2,	23000,	'Pelanggan 009',	'2024-01-30 12:15:00',	'admin'),
(0000000013,	'admin',	3,	38000,	'Pelanggan 010',	'2024-01-31 14:30:00',	'admin'),
(0000000014,	'admin',	2,	25000,	'Pelanggan 011',	'2024-01-29 16:20:00',	'admin'),
(0000000015,	'admin',	1,	15000,	'Pelanggan 012',	'2024-01-27 10:45:00',	'admin'),
(0000000016,	'admin',	2,	18000,	'Pelanggan 013',	'2024-02-02 08:30:00',	'admin'),
(0000000017,	'admin',	3,	30000,	'Pelanggan 014',	'2024-02-05 11:15:00',	'admin'),
(0000000018,	'admin',	1,	12000,	'Pelanggan 015',	'2024-02-08 13:45:00',	'admin'),
(0000000019,	'admin',	4,	50000,	'Pelanggan 016',	'2024-02-12 15:20:00',	'admin'),
(0000000020,	'admin',	2,	20000,	'Pelanggan 017',	'2024-02-15 09:40:00',	'admin'),
(0000000021,	'admin',	3,	35000,	'Pelanggan 018',	'2024-02-18 12:10:00',	'admin'),
(0000000022,	'admin',	1,	8000,	'Pelanggan 019',	'2024-02-20 14:25:00',	'admin'),
(0000000023,	'admin',	2,	22000,	'Pelanggan 020',	'2024-02-22 16:50:00',	'admin'),
(0000000024,	'admin',	3,	33000,	'Pelanggan 021',	'2024-02-25 10:35:00',	'admin'),
(0000000025,	'admin',	2,	25000,	'Pelanggan 022',	'2024-02-27 13:15:00',	'admin'),
(0000000026,	'admin',	1,	10000,	'Pelanggan 023',	'2024-02-28 15:40:00',	'admin'),
(0000000027,	'admin',	4,	48000,	'Pelanggan 024',	'2024-02-26 11:25:00',	'admin'),
(0000000028,	'admin',	2,	23000,	'Pelanggan 025',	'2024-02-24 09:50:00',	'admin'),
(0000000029,	'admin',	3,	35000,	'Pelanggan 026',	'2024-03-03 08:45:00',	'admin'),
(0000000030,	'admin',	2,	18000,	'Pelanggan 027',	'2024-03-06 10:20:00',	'admin'),
(0000000031,	'admin',	1,	15000,	'Pelanggan 028',	'2024-03-09 12:35:00',	'admin'),
(0000000032,	'admin',	4,	52000,	'Pelanggan 029',	'2024-03-12 14:50:00',	'admin'),
(0000000033,	'admin',	2,	20000,	'Pelanggan 030',	'2024-03-15 16:15:00',	'admin'),
(0000000034,	'admin',	3,	38000,	'Pelanggan 031',	'2024-03-18 09:30:00',	'admin'),
(0000000035,	'admin',	1,	8000,	'Pelanggan 032',	'2024-03-20 11:45:00',	'admin'),
(0000000036,	'admin',	2,	22000,	'Pelanggan 033',	'2024-03-22 13:20:00',	'admin'),
(0000000037,	'admin',	3,	33000,	'Pelanggan 034',	'2024-03-25 15:35:00',	'admin'),
(0000000038,	'admin',	2,	25000,	'Pelanggan 035',	'2024-03-27 10:10:00',	'admin'),
(0000000039,	'admin',	1,	12000,	'Pelanggan 036',	'2024-03-29 12:25:00',	'admin'),
(0000000040,	'admin',	4,	45000,	'Pelanggan 037',	'2024-03-30 14:40:00',	'admin'),
(0000000041,	'admin',	2,	23000,	'Pelanggan 038',	'2024-03-28 16:55:00',	'admin'),
(0000000042,	'admin',	3,	40000,	'Pelanggan 039',	'2024-03-31 11:05:00',	'admin'),
(0000000043,	'admin',	2,	18000,	'Pelanggan 040',	'2024-04-02 09:20:00',	'admin'),
(0000000044,	'admin',	3,	35000,	'Pelanggan 041',	'2024-04-05 11:35:00',	'admin'),
(0000000045,	'admin',	1,	10000,	'Pelanggan 042',	'2024-04-08 13:50:00',	'admin'),
(0000000046,	'admin',	4,	48000,	'Pelanggan 043',	'2024-04-12 15:15:00',	'admin'),
(0000000047,	'admin',	2,	20000,	'Pelanggan 044',	'2024-04-15 10:30:00',	'admin'),
(0000000048,	'admin',	3,	33000,	'Pelanggan 045',	'2024-04-18 12:45:00',	'admin'),
(0000000049,	'admin',	1,	8000,	'Pelanggan 046',	'2024-04-20 14:20:00',	'admin'),
(0000000050,	'admin',	2,	22000,	'Pelanggan 047',	'2024-04-22 16:35:00',	'admin'),
(0000000051,	'admin',	3,	38000,	'Pelanggan 048',	'2024-04-25 09:50:00',	'admin'),
(0000000052,	'admin',	2,	25000,	'Pelanggan 049',	'2024-04-27 11:15:00',	'admin'),
(0000000053,	'admin',	1,	15000,	'Pelanggan 050',	'2024-04-29 13:30:00',	'admin'),
(0000000054,	'admin',	4,	50000,	'Pelanggan 051',	'2024-04-30 15:45:00',	'admin'),
(0000000055,	'admin',	2,	23000,	'Pelanggan 052',	'2024-04-28 10:25:00',	'admin'),
(0000000056,	'admin',	3,	35000,	'Pelanggan 053',	'2024-05-03 08:40:00',	'admin'),
(0000000057,	'admin',	2,	18000,	'Pelanggan 054',	'2024-05-06 10:55:00',	'admin'),
(0000000058,	'admin',	1,	12000,	'Pelanggan 055',	'2024-05-09 12:20:00',	'admin'),
(0000000059,	'admin',	4,	45000,	'Pelanggan 056',	'2024-05-12 14:35:00',	'admin'),
(0000000060,	'admin',	2,	20000,	'Pelanggan 057',	'2024-05-15 16:50:00',	'admin'),
(0000000061,	'admin',	3,	33000,	'Pelanggan 058',	'2024-05-18 09:15:00',	'admin'),
(0000000062,	'admin',	1,	8000,	'Pelanggan 059',	'2024-05-20 11:30:00',	'admin'),
(0000000063,	'admin',	2,	22000,	'Pelanggan 060',	'2024-05-22 13:45:00',	'admin'),
(0000000064,	'admin',	3,	38000,	'Pelanggan 061',	'2024-05-25 15:20:00',	'admin'),
(0000000065,	'admin',	2,	25000,	'Pelanggan 062',	'2024-05-27 10:35:00',	'admin'),
(0000000066,	'admin',	1,	10000,	'Pelanggan 063',	'2024-05-29 12:50:00',	'admin'),
(0000000067,	'admin',	4,	52000,	'Pelanggan 064',	'2024-05-31 14:15:00',	'admin'),
(0000000068,	'admin',	2,	18000,	'Pelanggan 065',	'2024-06-02 09:25:00',	'admin'),
(0000000069,	'admin',	3,	35000,	'Pelanggan 066',	'2024-06-05 11:40:00',	'admin'),
(0000000070,	'admin',	1,	15000,	'Pelanggan 067',	'2024-06-08 13:55:00',	'admin'),
(0000000071,	'admin',	4,	48000,	'Pelanggan 068',	'2024-06-12 15:30:00',	'admin'),
(0000000072,	'admin',	2,	20000,	'Pelanggan 069',	'2024-06-15 10:45:00',	'admin'),
(0000000073,	'admin',	3,	33000,	'Pelanggan 070',	'2024-06-18 12:20:00',	'admin'),
(0000000074,	'admin',	1,	8000,	'Pelanggan 071',	'2024-06-20 14:35:00',	'admin'),
(0000000075,	'admin',	2,	22000,	'Pelanggan 072',	'2024-06-22 16:50:00',	'admin'),
(0000000076,	'admin',	3,	38000,	'Pelanggan 073',	'2024-06-25 09:15:00',	'admin'),
(0000000077,	'admin',	2,	25000,	'Pelanggan 074',	'2024-06-27 11:30:00',	'admin'),
(0000000078,	'admin',	1,	12000,	'Pelanggan 075',	'2024-06-29 13:45:00',	'admin'),
(0000000079,	'admin',	4,	50000,	'Pelanggan 076',	'2024-06-30 15:20:00',	'admin'),
(0000000080,	'admin',	3,	35000,	'Pelanggan 077',	'2024-07-03 08:35:00',	'admin'),
(0000000081,	'admin',	2,	18000,	'Pelanggan 078',	'2024-07-06 10:50:00',	'admin'),
(0000000082,	'admin',	1,	10000,	'Pelanggan 079',	'2024-07-09 12:15:00',	'admin'),
(0000000083,	'admin',	4,	45000,	'Pelanggan 080',	'2024-07-12 14:30:00',	'admin'),
(0000000084,	'admin',	2,	20000,	'Pelanggan 081',	'2024-07-15 16:45:00',	'admin'),
(0000000085,	'admin',	3,	33000,	'Pelanggan 082',	'2024-07-18 09:20:00',	'admin'),
(0000000086,	'admin',	1,	8000,	'Pelanggan 083',	'2024-07-20 11:35:00',	'admin'),
(0000000087,	'admin',	2,	22000,	'Pelanggan 084',	'2024-07-22 13:50:00',	'admin'),
(0000000088,	'admin',	3,	38000,	'Pelanggan 085',	'2024-07-25 15:25:00',	'admin'),
(0000000089,	'admin',	2,	25000,	'Pelanggan 086',	'2024-07-27 10:40:00',	'admin'),
(0000000090,	'admin',	1,	15000,	'Pelanggan 087',	'2024-07-29 12:55:00',	'admin'),
(0000000091,	'admin',	4,	52000,	'Pelanggan 088',	'2024-07-31 14:20:00',	'admin'),
(0000000092,	'admin',	2,	18000,	'Pelanggan 089',	'2024-08-02 09:30:00',	'admin'),
(0000000093,	'admin',	3,	35000,	'Pelanggan 090',	'2024-08-05 11:45:00',	'admin'),
(0000000094,	'admin',	1,	12000,	'Pelanggan 091',	'2024-08-08 13:20:00',	'admin'),
(0000000095,	'admin',	4,	48000,	'Pelanggan 092',	'2024-08-12 15:35:00',	'admin'),
(0000000096,	'admin',	2,	20000,	'Pelanggan 093',	'2024-08-15 10:50:00',	'admin'),
(0000000097,	'admin',	3,	33000,	'Pelanggan 094',	'2024-08-18 12:25:00',	'admin'),
(0000000098,	'admin',	1,	8000,	'Pelanggan 095',	'2024-08-20 14:40:00',	'admin'),
(0000000099,	'admin',	2,	22000,	'Pelanggan 096',	'2024-08-22 16:55:00',	'admin'),
(0000000100,	'admin',	3,	38000,	'Pelanggan 097',	'2024-08-25 09:25:00',	'admin'),
(0000000101,	'admin',	2,	25000,	'Pelanggan 098',	'2024-08-27 11:40:00',	'admin'),
(0000000102,	'admin',	1,	10000,	'Pelanggan 099',	'2024-08-29 13:55:00',	'admin'),
(0000000103,	'admin',	4,	50000,	'Pelanggan 100',	'2024-08-31 15:30:00',	'admin'),
(0000000104,	'admin',	2,	18000,	'Pelanggan 101',	'2024-09-02 09:15:00',	'admin'),
(0000000105,	'admin',	3,	35000,	'Pelanggan 102',	'2024-09-05 11:30:00',	'admin'),
(0000000106,	'admin',	1,	8000,	'Pelanggan 103',	'2024-09-08 14:20:00',	'admin'),
(0000000107,	'admin',	4,	48000,	'Pelanggan 104',	'2024-09-12 16:45:00',	'admin'),
(0000000108,	'admin',	2,	20000,	'Pelanggan 105',	'2024-09-15 10:10:00',	'admin'),
(0000000109,	'admin',	3,	33000,	'Pelanggan 106',	'2024-09-18 12:25:00',	'admin'),
(0000000110,	'admin',	1,	10000,	'Pelanggan 107',	'2024-09-20 14:40:00',	'admin'),
(0000000111,	'admin',	2,	22000,	'Pelanggan 108',	'2024-09-22 16:55:00',	'admin'),
(0000000112,	'admin',	3,	38000,	'Pelanggan 109',	'2024-09-25 09:20:00',	'admin'),
(0000000113,	'admin',	2,	25000,	'Pelanggan 110',	'2024-09-27 11:35:00',	'admin'),
(0000000114,	'admin',	1,	15000,	'Pelanggan 111',	'2024-09-29 13:50:00',	'admin'),
(0000000115,	'admin',	4,	50000,	'Pelanggan 112',	'2024-09-30 15:15:00',	'admin'),
(0000000116,	'admin',	2,	23000,	'Pelanggan 113',	'2024-09-28 10:30:00',	'admin'),
(0000000117,	'admin',	3,	40000,	'Pelanggan 114',	'2024-09-26 12:45:00',	'admin'),
(0000000118,	'admin',	1,	12000,	'Pelanggan 115',	'2024-09-24 14:20:00',	'admin'),
(0000000119,	'admin',	2,	18000,	'Pelanggan 116',	'2024-09-21 16:35:00',	'admin'),
(0000000120,	'admin',	4,	45000,	'Pelanggan 117',	'2024-09-19 09:50:00',	'admin'),
(0000000121,	'admin',	3,	35000,	'Pelanggan 118',	'2024-09-17 11:15:00',	'admin'),
(0000000122,	'admin',	2,	20000,	'Pelanggan 119',	'2024-09-14 13:30:00',	'admin'),
(0000000123,	'admin',	1,	8000,	'Pelanggan 120',	'2024-09-11 15:45:00',	'admin'),
(0000000124,	'admin',	3,	33000,	'Pelanggan 121',	'2024-09-09 10:20:00',	'admin'),
(0000000125,	'admin',	2,	22000,	'Pelanggan 122',	'2024-09-07 12:35:00',	'admin'),
(0000000126,	'admin',	4,	52000,	'Pelanggan 123',	'2024-09-04 14:50:00',	'admin'),
(0000000127,	'admin',	1,	10000,	'Pelanggan 124',	'2024-09-03 16:25:00',	'admin'),
(0000000128,	'admin',	2,	25000,	'Pelanggan 125',	'2024-09-01 09:40:00',	'admin'),
(0000000129,	'admin',	3,	35000,	'Pelanggan 126',	'2024-10-02 08:55:00',	'admin'),
(0000000130,	'admin',	2,	18000,	'Pelanggan 127',	'2024-10-05 10:20:00',	'admin'),
(0000000131,	'admin',	1,	15000,	'Pelanggan 128',	'2024-10-08 12:35:00',	'admin'),
(0000000132,	'admin',	4,	48000,	'Pelanggan 129',	'2024-10-12 14:50:00',	'admin'),
(0000000133,	'admin',	2,	20000,	'Pelanggan 130',	'2024-10-15 16:15:00',	'admin'),
(0000000134,	'admin',	3,	33000,	'Pelanggan 131',	'2024-10-18 09:30:00',	'admin'),
(0000000135,	'admin',	1,	8000,	'Pelanggan 132',	'2024-10-20 11:45:00',	'admin'),
(0000000136,	'admin',	2,	22000,	'Pelanggan 133',	'2024-10-22 13:20:00',	'admin'),
(0000000137,	'admin',	3,	38000,	'Pelanggan 134',	'2024-10-25 15:35:00',	'admin'),
(0000000138,	'admin',	2,	25000,	'Pelanggan 135',	'2024-10-27 10:10:00',	'admin'),
(0000000139,	'admin',	1,	12000,	'Pelanggan 136',	'2024-10-29 12:25:00',	'admin'),
(0000000140,	'admin',	4,	50000,	'Pelanggan 137',	'2024-10-30 14:40:00',	'admin'),
(0000000141,	'admin',	2,	23000,	'Pelanggan 138',	'2024-10-28 16:55:00',	'admin'),
(0000000142,	'admin',	3,	40000,	'Pelanggan 139',	'2024-10-26 11:05:00',	'admin'),
(0000000143,	'admin',	1,	10000,	'Pelanggan 140',	'2024-10-24 13:20:00',	'admin'),
(0000000144,	'admin',	2,	18000,	'Pelanggan 141',	'2024-10-21 15:35:00',	'admin'),
(0000000145,	'admin',	4,	45000,	'Pelanggan 142',	'2024-10-19 09:50:00',	'admin'),
(0000000146,	'admin',	3,	35000,	'Pelanggan 143',	'2024-10-17 11:15:00',	'admin'),
(0000000147,	'admin',	2,	20000,	'Pelanggan 144',	'2024-10-14 13:30:00',	'admin'),
(0000000148,	'admin',	1,	8000,	'Pelanggan 145',	'2024-10-11 15:45:00',	'admin'),
(0000000149,	'admin',	3,	33000,	'Pelanggan 146',	'2024-10-09 10:20:00',	'admin'),
(0000000150,	'admin',	2,	22000,	'Pelanggan 147',	'2024-10-07 12:35:00',	'admin'),
(0000000151,	'admin',	4,	52000,	'Pelanggan 148',	'2024-10-04 14:50:00',	'admin'),
(0000000152,	'admin',	1,	15000,	'Pelanggan 149',	'2024-10-03 16:25:00',	'admin'),
(0000000153,	'admin',	2,	25000,	'Pelanggan 150',	'2024-10-01 09:40:00',	'admin'),
(0000000154,	'admin',	2,	18000,	'Pelanggan 151',	'2024-11-02 08:30:00',	'admin'),
(0000000155,	'admin',	3,	35000,	'Pelanggan 152',	'2024-11-05 10:45:00',	'admin'),
(0000000156,	'admin',	1,	12000,	'Pelanggan 153',	'2024-11-08 12:20:00',	'admin'),
(0000000157,	'admin',	4,	48000,	'Pelanggan 154',	'2024-11-12 14:35:00',	'admin'),
(0000000158,	'admin',	2,	20000,	'Pelanggan 155',	'2024-11-15 16:50:00',	'admin'),
(0000000159,	'admin',	3,	33000,	'Pelanggan 156',	'2024-11-18 09:15:00',	'admin'),
(0000000160,	'admin',	1,	8000,	'Pelanggan 157',	'2024-11-20 11:30:00',	'admin'),
(0000000161,	'admin',	2,	22000,	'Pelanggan 158',	'2024-11-22 13:45:00',	'admin'),
(0000000162,	'admin',	3,	38000,	'Pelanggan 159',	'2024-11-25 15:20:00',	'admin'),
(0000000163,	'admin',	2,	25000,	'Pelanggan 160',	'2024-11-27 10:35:00',	'admin'),
(0000000164,	'admin',	1,	10000,	'Pelanggan 161',	'2024-11-29 12:50:00',	'admin'),
(0000000165,	'admin',	4,	50000,	'Pelanggan 162',	'2024-11-30 14:15:00',	'admin'),
(0000000166,	'admin',	2,	23000,	'Pelanggan 163',	'2024-11-28 16:30:00',	'admin'),
(0000000167,	'admin',	3,	40000,	'Pelanggan 164',	'2024-11-26 11:45:00',	'admin'),
(0000000168,	'admin',	1,	15000,	'Pelanggan 165',	'2024-11-24 13:20:00',	'admin'),
(0000000169,	'admin',	2,	18000,	'Pelanggan 166',	'2024-11-21 15:35:00',	'admin'),
(0000000170,	'admin',	4,	45000,	'Pelanggan 167',	'2024-11-19 09:50:00',	'admin'),
(0000000171,	'admin',	3,	35000,	'Pelanggan 168',	'2024-11-17 11:15:00',	'admin'),
(0000000172,	'admin',	2,	20000,	'Pelanggan 169',	'2024-11-14 13:30:00',	'admin'),
(0000000173,	'admin',	1,	8000,	'Pelanggan 170',	'2024-11-11 15:45:00',	'admin'),
(0000000174,	'admin',	3,	33000,	'Pelanggan 171',	'2024-11-09 10:20:00',	'admin'),
(0000000175,	'admin',	2,	22000,	'Pelanggan 172',	'2024-11-07 12:35:00',	'admin'),
(0000000176,	'admin',	4,	52000,	'Pelanggan 173',	'2024-11-04 14:50:00',	'admin'),
(0000000177,	'admin',	1,	12000,	'Pelanggan 174',	'2024-11-03 16:25:00',	'admin'),
(0000000178,	'admin',	2,	25000,	'Pelanggan 175',	'2024-11-01 09:40:00',	'admin'),
(0000000179,	'admin',	3,	35000,	'Pelanggan 176',	'2024-12-02 08:45:00',	'admin'),
(0000000180,	'admin',	2,	18000,	'Pelanggan 177',	'2024-12-05 10:20:00',	'admin'),
(0000000181,	'admin',	1,	10000,	'Pelanggan 178',	'2024-12-08 12:35:00',	'admin'),
(0000000182,	'admin',	4,	48000,	'Pelanggan 179',	'2024-12-12 14:50:00',	'admin'),
(0000000183,	'admin',	2,	20000,	'Pelanggan 180',	'2024-12-15 16:15:00',	'admin'),
(0000000184,	'admin',	3,	33000,	'Pelanggan 181',	'2024-12-18 09:30:00',	'admin'),
(0000000185,	'admin',	1,	8000,	'Pelanggan 182',	'2024-12-20 11:45:00',	'admin'),
(0000000186,	'admin',	2,	22000,	'Pelanggan 183',	'2024-12-22 13:20:00',	'admin'),
(0000000187,	'admin',	3,	38000,	'Pelanggan 184',	'2024-12-25 15:35:00',	'admin'),
(0000000188,	'admin',	2,	25000,	'Pelanggan 185',	'2024-12-27 10:10:00',	'admin'),
(0000000189,	'admin',	1,	15000,	'Pelanggan 186',	'2024-12-29 12:25:00',	'admin'),
(0000000190,	'admin',	4,	50000,	'Pelanggan 187',	'2024-12-30 14:40:00',	'admin'),
(0000000191,	'admin',	2,	23000,	'Pelanggan 188',	'2024-12-28 16:55:00',	'admin'),
(0000000192,	'admin',	3,	40000,	'Pelanggan 189',	'2024-12-26 11:05:00',	'admin'),
(0000000193,	'admin',	1,	12000,	'Pelanggan 190',	'2024-12-24 13:20:00',	'admin'),
(0000000194,	'admin',	2,	18000,	'Pelanggan 191',	'2024-12-21 15:35:00',	'admin'),
(0000000195,	'admin',	4,	45000,	'Pelanggan 192',	'2024-12-19 09:50:00',	'admin'),
(0000000196,	'admin',	3,	35000,	'Pelanggan 193',	'2024-12-17 11:15:00',	'admin'),
(0000000197,	'admin',	2,	20000,	'Pelanggan 194',	'2024-12-14 13:30:00',	'admin'),
(0000000198,	'admin',	1,	8000,	'Pelanggan 195',	'2024-12-11 15:45:00',	'admin'),
(0000000199,	'admin',	3,	33000,	'Pelanggan 196',	'2024-12-09 10:20:00',	'admin'),
(0000000200,	'admin',	2,	22000,	'Pelanggan 197',	'2024-12-07 12:35:00',	'admin'),
(0000000201,	'admin',	4,	52000,	'Pelanggan 198',	'2024-12-04 14:50:00',	'admin'),
(0000000202,	'admin',	1,	10000,	'Pelanggan 199',	'2024-12-03 16:25:00',	'admin'),
(0000000203,	'admin',	2,	25000,	'Pelanggan 200',	'2024-12-31 09:40:00',	'admin'),
(0000000204,	'user',	10,	100000,	'beli',	'2025-08-12 23:04:00',	'user');

DROP TABLE IF EXISTS `transaksi_detail`;
CREATE TABLE `transaksi_detail` (
  `id` int(11) NOT NULL AUTO_INCREMENT,
  `idtransaksi` int(10) unsigned zerofill NOT NULL,
  `idbarang` int(10) NOT NULL,
  `jumlah` int(10) NOT NULL,
  `harga` int(10) NOT NULL,
  `totalharga` int(10) NOT NULL,
  `created_at` datetime NOT NULL,
  `created_by` varchar(100) NOT NULL,
  `updated_at` datetime NOT NULL,
  `updated_by` varchar(100) NOT NULL,
  PRIMARY KEY (`id`),
  KEY `idbarang` (`idbarang`),
  KEY `idtransaksi` (`idtransaksi`),
  CONSTRAINT `transaksi_detail_ibfk_5` FOREIGN KEY (`idbarang`) REFERENCES `master_barang` (`idbarang`) ON DELETE NO ACTION ON UPDATE NO ACTION,
  CONSTRAINT `transaksi_detail_ibfk_6` FOREIGN KEY (`idtransaksi`) REFERENCES `transaksi` (`idtransaksi`) ON DELETE NO ACTION ON UPDATE NO ACTION
) ENGINE=InnoDB DEFAULT CHARSET=utf8mb4;

TRUNCATE `transaksi_detail`;
INSERT INTO `transaksi_detail` (`id`, `idtransaksi`, `idbarang`, `jumlah`, `harga`, `totalharga`, `created_at`, `created_by`, `updated_at`, `updated_by`) VALUES
(1,	0000000001,	1,	1,	8000,	8000,	'2025-08-12 14:31:11',	'admin',	'2025-08-12 14:31:11',	'admin'),
(2,	0000000001,	4,	1,	12000,	12000,	'2025-08-12 14:31:11',	'admin',	'2025-08-12 14:31:11',	'admin'),
(3,	0000000002,	2,	1,	10000,	10000,	'2025-08-12 14:31:11',	'admin',	'2025-08-12 14:31:11',	'admin'),
(4,	0000000002,	1,	1,	8000,	8000,	'2025-08-12 14:31:11',	'admin',	'2025-08-12 14:31:11',	'admin'),
(5,	0000000003,	1,	1,	8000,	8000,	'2025-08-12 14:31:11',	'admin',	'2025-08-12 14:31:11',	'admin'),
(1413,	0000000004,	1,	1,	8000,	8000,	'2024-01-05 09:15:00',	'admin',	'2024-01-05 09:15:00',	'admin'),
(1414,	0000000004,	2,	1,	10000,	10000,	'2024-01-05 09:15:00',	'admin',	'2024-01-05 09:15:00',	'admin'),
(1415,	0000000005,	1,	1,	8000,	8000,	'2024-01-08 10:30:00',	'admin',	'2024-01-08 10:30:00',	'admin'),
(1416,	0000000005,	3,	1,	10000,	10000,	'2024-01-08 10:30:00',	'admin',	'2024-01-08 10:30:00',	'admin'),
(1417,	0000000005,	7,	1,	15000,	15000,	'2024-01-08 10:30:00',	'admin',	'2024-01-08 10:30:00',	'admin'),
(1418,	0000000006,	1,	1,	8000,	8000,	'2024-01-12 14:20:00',	'admin',	'2024-01-12 14:20:00',	'admin'),
(1419,	0000000007,	2,	1,	10000,	10000,	'2024-01-15 16:45:00',	'admin',	'2024-01-15 16:45:00',	'admin'),
(1420,	0000000007,	4,	1,	12000,	12000,	'2024-01-15 16:45:00',	'admin',	'2024-01-15 16:45:00',	'admin'),
(1421,	0000000008,	1,	2,	8000,	16000,	'2024-01-18 11:10:00',	'admin',	'2024-01-18 11:10:00',	'admin'),
(1422,	0000000008,	2,	1,	10000,	10000,	'2024-01-18 11:10:00',	'admin',	'2024-01-18 11:10:00',	'admin'),
(1423,	0000000008,	3,	1,	10000,	10000,	'2024-01-18 11:10:00',	'admin',	'2024-01-18 11:10:00',	'admin'),
(1424,	0000000008,	7,	1,	15000,	15000,	'2024-01-18 11:10:00',	'admin',	'2024-01-18 11:10:00',	'admin'),
(1425,	0000000009,	1,	1,	8000,	8000,	'2024-01-22 13:25:00',	'admin',	'2024-01-22 13:25:00',	'admin'),
(1426,	0000000009,	4,	1,	12000,	12000,	'2024-01-22 13:25:00',	'admin',	'2024-01-22 13:25:00',	'admin'),
(1427,	0000000010,	2,	1,	10000,	10000,	'2024-01-25 15:40:00',	'admin',	'2024-01-25 15:40:00',	'admin'),
(1428,	0000000010,	3,	1,	10000,	10000,	'2024-01-25 15:40:00',	'admin',	'2024-01-25 15:40:00',	'admin'),
(1429,	0000000010,	7,	1,	15000,	15000,	'2024-01-25 15:40:00',	'admin',	'2024-01-25 15:40:00',	'admin'),
(1430,	0000000011,	2,	1,	10000,	10000,	'2024-01-28 09:55:00',	'admin',	'2024-01-28 09:55:00',	'admin'),
(1431,	0000000012,	1,	1,	8000,	8000,	'2024-01-30 12:15:00',	'admin',	'2024-01-30 12:15:00',	'admin'),
(1432,	0000000012,	7,	1,	15000,	15000,	'2024-01-30 12:15:00',	'admin',	'2024-01-30 12:15:00',	'admin'),
(1433,	0000000013,	1,	1,	8000,	8000,	'2024-01-31 14:30:00',	'admin',	'2024-01-31 14:30:00',	'admin'),
(1434,	0000000013,	2,	1,	10000,	10000,	'2024-01-31 14:30:00',	'admin',	'2024-01-31 14:30:00',	'admin'),
(1435,	0000000013,	4,	1,	12000,	12000,	'2024-01-31 14:30:00',	'admin',	'2024-01-31 14:30:00',	'admin'),
(1436,	0000000013,	7,	1,	15000,	15000,	'2024-01-31 14:30:00',	'admin',	'2024-01-31 14:30:00',	'admin'),
(1437,	0000000014,	3,	1,	10000,	10000,	'2024-01-29 16:20:00',	'admin',	'2024-01-29 16:20:00',	'admin'),
(1438,	0000000014,	7,	1,	15000,	15000,	'2024-01-29 16:20:00',	'admin',	'2024-01-29 16:20:00',	'admin'),
(1439,	0000000015,	7,	1,	15000,	15000,	'2024-01-27 10:45:00',	'admin',	'2024-01-27 10:45:00',	'admin'),
(1440,	0000000016,	1,	1,	8000,	8000,	'2024-02-02 08:30:00',	'admin',	'2024-02-02 08:30:00',	'admin'),
(1441,	0000000016,	2,	1,	10000,	10000,	'2024-02-02 08:30:00',	'admin',	'2024-02-02 08:30:00',	'admin'),
(1442,	0000000017,	1,	1,	8000,	8000,	'2024-02-05 11:15:00',	'admin',	'2024-02-05 11:15:00',	'admin'),
(1443,	0000000017,	3,	1,	10000,	10000,	'2024-02-05 11:15:00',	'admin',	'2024-02-05 11:15:00',	'admin'),
(1444,	0000000017,	4,	1,	12000,	12000,	'2024-02-05 11:15:00',	'admin',	'2024-02-05 11:15:00',	'admin'),
(1445,	0000000018,	4,	1,	12000,	12000,	'2024-02-08 13:45:00',	'admin',	'2024-02-08 13:45:00',	'admin'),
(1446,	0000000019,	1,	2,	8000,	16000,	'2024-02-12 15:20:00',	'admin',	'2024-02-12 15:20:00',	'admin'),
(1447,	0000000019,	2,	1,	10000,	10000,	'2024-02-12 15:20:00',	'admin',	'2024-02-12 15:20:00',	'admin'),
(1448,	0000000019,	3,	1,	10000,	10000,	'2024-02-12 15:20:00',	'admin',	'2024-02-12 15:20:00',	'admin'),
(1449,	0000000019,	7,	1,	15000,	15000,	'2024-02-12 15:20:00',	'admin',	'2024-02-12 15:20:00',	'admin'),
(1450,	0000000020,	1,	1,	8000,	8000,	'2024-02-15 09:40:00',	'admin',	'2024-02-15 09:40:00',	'admin'),
(1451,	0000000020,	4,	1,	12000,	12000,	'2024-02-15 09:40:00',	'admin',	'2024-02-15 09:40:00',	'admin'),
(1452,	0000000021,	2,	1,	10000,	10000,	'2024-02-18 12:10:00',	'admin',	'2024-02-18 12:10:00',	'admin'),
(1453,	0000000021,	3,	1,	10000,	10000,	'2024-02-18 12:10:00',	'admin',	'2024-02-18 12:10:00',	'admin'),
(1454,	0000000021,	7,	1,	15000,	15000,	'2024-02-18 12:10:00',	'admin',	'2024-02-18 12:10:00',	'admin'),
(1455,	0000000022,	1,	1,	8000,	8000,	'2024-02-20 14:25:00',	'admin',	'2024-02-20 14:25:00',	'admin'),
(1456,	0000000023,	2,	1,	10000,	10000,	'2024-02-22 16:50:00',	'admin',	'2024-02-22 16:50:00',	'admin'),
(1457,	0000000023,	4,	1,	12000,	12000,	'2024-02-22 16:50:00',	'admin',	'2024-02-22 16:50:00',	'admin'),
(1458,	0000000024,	1,	1,	8000,	8000,	'2024-02-25 10:35:00',	'admin',	'2024-02-25 10:35:00',	'admin'),
(1459,	0000000024,	3,	1,	10000,	10000,	'2024-02-25 10:35:00',	'admin',	'2024-02-25 10:35:00',	'admin'),
(1460,	0000000024,	7,	1,	15000,	15000,	'2024-02-25 10:35:00',	'admin',	'2024-02-25 10:35:00',	'admin'),
(1461,	0000000025,	1,	1,	8000,	8000,	'2024-02-27 13:15:00',	'admin',	'2024-02-27 13:15:00',	'admin'),
(1462,	0000000025,	7,	1,	15000,	15000,	'2024-02-27 13:15:00',	'admin',	'2024-02-27 13:15:00',	'admin'),
(1463,	0000000026,	2,	1,	10000,	10000,	'2024-02-28 15:40:00',	'admin',	'2024-02-28 15:40:00',	'admin'),
(1464,	0000000027,	1,	2,	8000,	16000,	'2024-02-26 11:25:00',	'admin',	'2024-02-26 11:25:00',	'admin'),
(1465,	0000000027,	2,	1,	10000,	10000,	'2024-02-26 11:25:00',	'admin',	'2024-02-26 11:25:00',	'admin'),
(1466,	0000000027,	3,	1,	10000,	10000,	'2024-02-26 11:25:00',	'admin',	'2024-02-26 11:25:00',	'admin'),
(1467,	0000000027,	4,	1,	12000,	12000,	'2024-02-26 11:25:00',	'admin',	'2024-02-26 11:25:00',	'admin'),
(1468,	0000000028,	1,	1,	8000,	8000,	'2024-02-24 09:50:00',	'admin',	'2024-02-24 09:50:00',	'admin'),
(1469,	0000000028,	7,	1,	15000,	15000,	'2024-02-24 09:50:00',	'admin',	'2024-02-24 09:50:00',	'admin'),
(1470,	0000000029,	1,	1,	8000,	8000,	'2024-03-03 08:45:00',	'admin',	'2024-03-03 08:45:00',	'admin'),
(1471,	0000000029,	2,	1,	10000,	10000,	'2024-03-03 08:45:00',	'admin',	'2024-03-03 08:45:00',	'admin'),
(1472,	0000000029,	7,	1,	15000,	15000,	'2024-03-03 08:45:00',	'admin',	'2024-03-03 08:45:00',	'admin'),
(1473,	0000000030,	1,	1,	8000,	8000,	'2024-03-06 10:20:00',	'admin',	'2024-03-06 10:20:00',	'admin'),
(1474,	0000000030,	2,	1,	10000,	10000,	'2024-03-06 10:20:00',	'admin',	'2024-03-06 10:20:00',	'admin'),
(1475,	0000000031,	7,	1,	15000,	15000,	'2024-03-09 12:35:00',	'admin',	'2024-03-09 12:35:00',	'admin'),
(1476,	0000000032,	1,	2,	8000,	16000,	'2024-03-12 14:50:00',	'admin',	'2024-03-12 14:50:00',	'admin'),
(1477,	0000000032,	2,	1,	10000,	10000,	'2024-03-12 14:50:00',	'admin',	'2024-03-12 14:50:00',	'admin'),
(1478,	0000000032,	3,	1,	10000,	10000,	'2024-03-12 14:50:00',	'admin',	'2024-03-12 14:50:00',	'admin'),
(1479,	0000000032,	4,	1,	12000,	12000,	'2024-03-12 14:50:00',	'admin',	'2024-03-12 14:50:00',	'admin'),
(1480,	0000000033,	1,	1,	8000,	8000,	'2024-03-15 16:15:00',	'admin',	'2024-03-15 16:15:00',	'admin'),
(1481,	0000000033,	4,	1,	12000,	12000,	'2024-03-15 16:15:00',	'admin',	'2024-03-15 16:15:00',	'admin'),
(1482,	0000000034,	2,	1,	10000,	10000,	'2024-03-18 09:30:00',	'admin',	'2024-03-18 09:30:00',	'admin'),
(1483,	0000000034,	3,	1,	10000,	10000,	'2024-03-18 09:30:00',	'admin',	'2024-03-18 09:30:00',	'admin'),
(1484,	0000000034,	7,	1,	15000,	15000,	'2024-03-18 09:30:00',	'admin',	'2024-03-18 09:30:00',	'admin'),
(1485,	0000000035,	1,	1,	8000,	8000,	'2024-03-20 11:45:00',	'admin',	'2024-03-20 11:45:00',	'admin'),
(1486,	0000000036,	2,	1,	10000,	10000,	'2024-03-22 13:20:00',	'admin',	'2024-03-22 13:20:00',	'admin'),
(1487,	0000000036,	4,	1,	12000,	12000,	'2024-03-22 13:20:00',	'admin',	'2024-03-22 13:20:00',	'admin'),
(1488,	0000000037,	1,	1,	8000,	8000,	'2024-03-25 15:35:00',	'admin',	'2024-03-25 15:35:00',	'admin'),
(1489,	0000000037,	3,	1,	10000,	10000,	'2024-03-25 15:35:00',	'admin',	'2024-03-25 15:35:00',	'admin'),
(1490,	0000000037,	7,	1,	15000,	15000,	'2024-03-25 15:35:00',	'admin',	'2024-03-25 15:35:00',	'admin'),
(1491,	0000000038,	1,	1,	8000,	8000,	'2024-03-27 10:10:00',	'admin',	'2024-03-27 10:10:00',	'admin'),
(1492,	0000000038,	7,	1,	15000,	15000,	'2024-03-27 10:10:00',	'admin',	'2024-03-27 10:10:00',	'admin'),
(1493,	0000000039,	4,	1,	12000,	12000,	'2024-03-29 12:25:00',	'admin',	'2024-03-29 12:25:00',	'admin'),
(1494,	0000000040,	1,	2,	8000,	16000,	'2024-03-30 14:40:00',	'admin',	'2024-03-30 14:40:00',	'admin'),
(1495,	0000000040,	2,	1,	10000,	10000,	'2024-03-30 14:40:00',	'admin',	'2024-03-30 14:40:00',	'admin'),
(1496,	0000000040,	3,	1,	10000,	10000,	'2024-03-30 14:40:00',	'admin',	'2024-03-30 14:40:00',	'admin'),
(1497,	0000000040,	7,	1,	15000,	15000,	'2024-03-30 14:40:00',	'admin',	'2024-03-30 14:40:00',	'admin'),
(1498,	0000000041,	1,	1,	8000,	8000,	'2024-03-28 16:55:00',	'admin',	'2024-03-28 16:55:00',	'admin'),
(1499,	0000000041,	7,	1,	15000,	15000,	'2024-03-28 16:55:00',	'admin',	'2024-03-28 16:55:00',	'admin'),
(1500,	0000000042,	2,	1,	10000,	10000,	'2024-03-31 11:05:00',	'admin',	'2024-03-31 11:05:00',	'admin'),
(1501,	0000000042,	3,	1,	10000,	10000,	'2024-03-31 11:05:00',	'admin',	'2024-03-31 11:05:00',	'admin'),
(1502,	0000000042,	4,	1,	12000,	12000,	'2024-03-31 11:05:00',	'admin',	'2024-03-31 11:05:00',	'admin'),
(1503,	0000000042,	7,	1,	15000,	15000,	'2024-03-31 11:05:00',	'admin',	'2024-03-31 11:05:00',	'admin'),
(1504,	0000000043,	1,	1,	8000,	8000,	'2024-04-02 09:20:00',	'admin',	'2024-04-02 09:20:00',	'admin'),
(1505,	0000000043,	2,	1,	10000,	10000,	'2024-04-02 09:20:00',	'admin',	'2024-04-02 09:20:00',	'admin'),
(1506,	0000000044,	1,	1,	8000,	8000,	'2024-04-05 11:35:00',	'admin',	'2024-04-05 11:35:00',	'admin'),
(1507,	0000000044,	3,	1,	10000,	10000,	'2024-04-05 11:35:00',	'admin',	'2024-04-05 11:35:00',	'admin'),
(1508,	0000000044,	7,	1,	15000,	15000,	'2024-04-05 11:35:00',	'admin',	'2024-04-05 11:35:00',	'admin'),
(1509,	0000000045,	2,	1,	10000,	10000,	'2024-04-08 13:50:00',	'admin',	'2024-04-08 13:50:00',	'admin'),
(1510,	0000000046,	1,	2,	8000,	16000,	'2024-04-12 15:15:00',	'admin',	'2024-04-12 15:15:00',	'admin'),
(1511,	0000000046,	2,	1,	10000,	10000,	'2024-04-12 15:15:00',	'admin',	'2024-04-12 15:15:00',	'admin'),
(1512,	0000000046,	3,	1,	10000,	10000,	'2024-04-12 15:15:00',	'admin',	'2024-04-12 15:15:00',	'admin'),
(1513,	0000000046,	4,	1,	12000,	12000,	'2024-04-12 15:15:00',	'admin',	'2024-04-12 15:15:00',	'admin'),
(1514,	0000000047,	1,	1,	8000,	8000,	'2024-04-15 10:30:00',	'admin',	'2024-04-15 10:30:00',	'admin'),
(1515,	0000000047,	4,	1,	12000,	12000,	'2024-04-15 10:30:00',	'admin',	'2024-04-15 10:30:00',	'admin'),
(1516,	0000000048,	2,	1,	10000,	10000,	'2024-04-18 12:45:00',	'admin',	'2024-04-18 12:45:00',	'admin'),
(1517,	0000000048,	3,	1,	10000,	10000,	'2024-04-18 12:45:00',	'admin',	'2024-04-18 12:45:00',	'admin'),
(1518,	0000000048,	7,	1,	15000,	15000,	'2024-04-18 12:45:00',	'admin',	'2024-04-18 12:45:00',	'admin'),
(1519,	0000000049,	1,	1,	8000,	8000,	'2024-04-20 14:20:00',	'admin',	'2024-04-20 14:20:00',	'admin'),
(1520,	0000000050,	2,	1,	10000,	10000,	'2024-04-22 16:35:00',	'admin',	'2024-04-22 16:35:00',	'admin'),
(1521,	0000000050,	4,	1,	12000,	12000,	'2024-04-22 16:35:00',	'admin',	'2024-04-22 16:35:00',	'admin'),
(1522,	0000000051,	1,	1,	8000,	8000,	'2024-04-25 09:50:00',	'admin',	'2024-04-25 09:50:00',	'admin'),
(1523,	0000000051,	2,	1,	10000,	10000,	'2024-04-25 09:50:00',	'admin',	'2024-04-25 09:50:00',	'admin'),
(1524,	0000000051,	7,	1,	15000,	15000,	'2024-04-25 09:50:00',	'admin',	'2024-04-25 09:50:00',	'admin'),
(1525,	0000000052,	1,	1,	8000,	8000,	'2024-04-27 11:15:00',	'admin',	'2024-04-27 11:15:00',	'admin'),
(1526,	0000000052,	7,	1,	15000,	15000,	'2024-04-27 11:15:00',	'admin',	'2024-04-27 11:15:00',	'admin'),
(1527,	0000000053,	7,	1,	15000,	15000,	'2024-04-29 13:30:00',	'admin',	'2024-04-29 13:30:00',	'admin'),
(1528,	0000000054,	1,	2,	8000,	16000,	'2024-04-30 15:45:00',	'admin',	'2024-04-30 15:45:00',	'admin'),
(1529,	0000000054,	2,	1,	10000,	10000,	'2024-04-30 15:45:00',	'admin',	'2024-04-30 15:45:00',	'admin'),
(1530,	0000000054,	3,	1,	10000,	10000,	'2024-04-30 15:45:00',	'admin',	'2024-04-30 15:45:00',	'admin'),
(1531,	0000000054,	4,	1,	12000,	12000,	'2024-04-30 15:45:00',	'admin',	'2024-04-30 15:45:00',	'admin'),
(1532,	0000000055,	1,	1,	8000,	8000,	'2024-04-28 10:25:00',	'admin',	'2024-04-28 10:25:00',	'admin'),
(1533,	0000000055,	7,	1,	15000,	15000,	'2024-04-28 10:25:00',	'admin',	'2024-04-28 10:25:00',	'admin'),
(1534,	0000000056,	1,	1,	8000,	8000,	'2024-05-03 08:40:00',	'admin',	'2024-05-03 08:40:00',	'admin'),
(1535,	0000000056,	2,	1,	10000,	10000,	'2024-05-03 08:40:00',	'admin',	'2024-05-03 08:40:00',	'admin'),
(1536,	0000000056,	7,	1,	15000,	15000,	'2024-05-03 08:40:00',	'admin',	'2024-05-03 08:40:00',	'admin'),
(1537,	0000000057,	1,	1,	8000,	8000,	'2024-05-06 10:55:00',	'admin',	'2024-05-06 10:55:00',	'admin'),
(1538,	0000000057,	2,	1,	10000,	10000,	'2024-05-06 10:55:00',	'admin',	'2024-05-06 10:55:00',	'admin'),
(1539,	0000000058,	4,	1,	12000,	12000,	'2024-05-09 12:20:00',	'admin',	'2024-05-09 12:20:00',	'admin'),
(1540,	0000000059,	1,	2,	8000,	16000,	'2024-05-12 14:35:00',	'admin',	'2024-05-12 14:35:00',	'admin'),
(1541,	0000000059,	2,	1,	10000,	10000,	'2024-05-12 14:35:00',	'admin',	'2024-05-12 14:35:00',	'admin'),
(1542,	0000000059,	3,	1,	10000,	10000,	'2024-05-12 14:35:00',	'admin',	'2024-05-12 14:35:00',	'admin'),
(1543,	0000000059,	7,	1,	15000,	15000,	'2024-05-12 14:35:00',	'admin',	'2024-05-12 14:35:00',	'admin'),
(1544,	0000000060,	1,	1,	8000,	8000,	'2024-05-15 16:50:00',	'admin',	'2024-05-15 16:50:00',	'admin'),
(1545,	0000000060,	4,	1,	12000,	12000,	'2024-05-15 16:50:00',	'admin',	'2024-05-15 16:50:00',	'admin'),
(1546,	0000000061,	2,	1,	10000,	10000,	'2024-05-18 09:15:00',	'admin',	'2024-05-18 09:15:00',	'admin'),
(1547,	0000000061,	3,	1,	10000,	10000,	'2024-05-18 09:15:00',	'admin',	'2024-05-18 09:15:00',	'admin'),
(1548,	0000000061,	7,	1,	15000,	15000,	'2024-05-18 09:15:00',	'admin',	'2024-05-18 09:15:00',	'admin'),
(1549,	0000000062,	1,	1,	8000,	8000,	'2024-05-20 11:30:00',	'admin',	'2024-05-20 11:30:00',	'admin'),
(1550,	0000000063,	2,	1,	10000,	10000,	'2024-05-22 13:45:00',	'admin',	'2024-05-22 13:45:00',	'admin'),
(1551,	0000000063,	4,	1,	12000,	12000,	'2024-05-22 13:45:00',	'admin',	'2024-05-22 13:45:00',	'admin'),
(1552,	0000000064,	1,	1,	8000,	8000,	'2024-05-25 15:20:00',	'admin',	'2024-05-25 15:20:00',	'admin'),
(1553,	0000000064,	2,	1,	10000,	10000,	'2024-05-25 15:20:00',	'admin',	'2024-05-25 15:20:00',	'admin'),
(1554,	0000000064,	7,	1,	15000,	15000,	'2024-05-25 15:20:00',	'admin',	'2024-05-25 15:20:00',	'admin'),
(1555,	0000000065,	1,	1,	8000,	8000,	'2024-05-27 10:35:00',	'admin',	'2024-05-27 10:35:00',	'admin'),
(1556,	0000000065,	7,	1,	15000,	15000,	'2024-05-27 10:35:00',	'admin',	'2024-05-27 10:35:00',	'admin'),
(1557,	0000000066,	2,	1,	10000,	10000,	'2024-05-29 12:50:00',	'admin',	'2024-05-29 12:50:00',	'admin'),
(1558,	0000000067,	1,	2,	8000,	16000,	'2024-05-31 14:15:00',	'admin',	'2024-05-31 14:15:00',	'admin'),
(1559,	0000000067,	2,	1,	10000,	10000,	'2024-05-31 14:15:00',	'admin',	'2024-05-31 14:15:00',	'admin'),
(1560,	0000000067,	3,	1,	10000,	10000,	'2024-05-31 14:15:00',	'admin',	'2024-05-31 14:15:00',	'admin'),
(1561,	0000000067,	4,	1,	12000,	12000,	'2024-05-31 14:15:00',	'admin',	'2024-05-31 14:15:00',	'admin'),
(1562,	0000000068,	1,	1,	8000,	8000,	'2024-06-02 09:25:00',	'admin',	'2024-06-02 09:25:00',	'admin'),
(1563,	0000000068,	2,	1,	10000,	10000,	'2024-06-02 09:25:00',	'admin',	'2024-06-02 09:25:00',	'admin'),
(1564,	0000000069,	1,	1,	8000,	8000,	'2024-06-05 11:40:00',	'admin',	'2024-06-05 11:40:00',	'admin'),
(1565,	0000000069,	3,	1,	10000,	10000,	'2024-06-05 11:40:00',	'admin',	'2024-06-05 11:40:00',	'admin'),
(1566,	0000000069,	7,	1,	15000,	15000,	'2024-06-05 11:40:00',	'admin',	'2024-06-05 11:40:00',	'admin'),
(1567,	0000000070,	7,	1,	15000,	15000,	'2024-06-08 13:55:00',	'admin',	'2024-06-08 13:55:00',	'admin'),
(1568,	0000000071,	1,	2,	8000,	16000,	'2024-06-12 15:30:00',	'admin',	'2024-06-12 15:30:00',	'admin'),
(1569,	0000000071,	2,	1,	10000,	10000,	'2024-06-12 15:30:00',	'admin',	'2024-06-12 15:30:00',	'admin'),
(1570,	0000000071,	3,	1,	10000,	10000,	'2024-06-12 15:30:00',	'admin',	'2024-06-12 15:30:00',	'admin'),
(1571,	0000000071,	4,	1,	12000,	12000,	'2024-06-12 15:30:00',	'admin',	'2024-06-12 15:30:00',	'admin'),
(1572,	0000000072,	1,	1,	8000,	8000,	'2024-06-15 10:45:00',	'admin',	'2024-06-15 10:45:00',	'admin'),
(1573,	0000000072,	4,	1,	12000,	12000,	'2024-06-15 10:45:00',	'admin',	'2024-06-15 10:45:00',	'admin'),
(1574,	0000000073,	2,	1,	10000,	10000,	'2024-06-18 12:20:00',	'admin',	'2024-06-18 12:20:00',	'admin'),
(1575,	0000000073,	3,	1,	10000,	10000,	'2024-06-18 12:20:00',	'admin',	'2024-06-18 12:20:00',	'admin'),
(1576,	0000000073,	7,	1,	15000,	15000,	'2024-06-18 12:20:00',	'admin',	'2024-06-18 12:20:00',	'admin'),
(1577,	0000000074,	1,	1,	8000,	8000,	'2024-06-20 14:35:00',	'admin',	'2024-06-20 14:35:00',	'admin'),
(1578,	0000000075,	2,	1,	10000,	10000,	'2024-06-22 16:50:00',	'admin',	'2024-06-22 16:50:00',	'admin'),
(1579,	0000000075,	4,	1,	12000,	12000,	'2024-06-22 16:50:00',	'admin',	'2024-06-22 16:50:00',	'admin'),
(1580,	0000000076,	1,	1,	8000,	8000,	'2024-06-25 09:15:00',	'admin',	'2024-06-25 09:15:00',	'admin'),
(1581,	0000000076,	2,	1,	10000,	10000,	'2024-06-25 09:15:00',	'admin',	'2024-06-25 09:15:00',	'admin'),
(1582,	0000000076,	7,	1,	15000,	15000,	'2024-06-25 09:15:00',	'admin',	'2024-06-25 09:15:00',	'admin'),
(1583,	0000000077,	1,	1,	8000,	8000,	'2024-06-27 11:30:00',	'admin',	'2024-06-27 11:30:00',	'admin'),
(1584,	0000000077,	7,	1,	15000,	15000,	'2024-06-27 11:30:00',	'admin',	'2024-06-27 11:30:00',	'admin'),
(1585,	0000000078,	4,	1,	12000,	12000,	'2024-06-29 13:45:00',	'admin',	'2024-06-29 13:45:00',	'admin'),
(1586,	0000000079,	1,	2,	8000,	16000,	'2024-06-30 15:20:00',	'admin',	'2024-06-30 15:20:00',	'admin'),
(1587,	0000000079,	2,	1,	10000,	10000,	'2024-06-30 15:20:00',	'admin',	'2024-06-30 15:20:00',	'admin'),
(1588,	0000000079,	3,	1,	10000,	10000,	'2024-06-30 15:20:00',	'admin',	'2024-06-30 15:20:00',	'admin'),
(1589,	0000000079,	7,	1,	15000,	15000,	'2024-06-30 15:20:00',	'admin',	'2024-06-30 15:20:00',	'admin'),
(1590,	0000000080,	1,	1,	8000,	8000,	'2024-07-03 08:35:00',	'admin',	'2024-07-03 08:35:00',	'admin'),
(1591,	0000000080,	2,	1,	10000,	10000,	'2024-07-03 08:35:00',	'admin',	'2024-07-03 08:35:00',	'admin'),
(1592,	0000000080,	7,	1,	15000,	15000,	'2024-07-03 08:35:00',	'admin',	'2024-07-03 08:35:00',	'admin'),
(1593,	0000000081,	1,	1,	8000,	8000,	'2024-07-06 10:50:00',	'admin',	'2024-07-06 10:50:00',	'admin'),
(1594,	0000000081,	2,	1,	10000,	10000,	'2024-07-06 10:50:00',	'admin',	'2024-07-06 10:50:00',	'admin'),
(1595,	0000000082,	2,	1,	10000,	10000,	'2024-07-09 12:15:00',	'admin',	'2024-07-09 12:15:00',	'admin'),
(1596,	0000000083,	1,	2,	8000,	16000,	'2024-07-12 14:30:00',	'admin',	'2024-07-12 14:30:00',	'admin'),
(1597,	0000000083,	2,	1,	10000,	10000,	'2024-07-12 14:30:00',	'admin',	'2024-07-12 14:30:00',	'admin'),
(1598,	0000000083,	3,	1,	10000,	10000,	'2024-07-12 14:30:00',	'admin',	'2024-07-12 14:30:00',	'admin'),
(1599,	0000000083,	7,	1,	15000,	15000,	'2024-07-12 14:30:00',	'admin',	'2024-07-12 14:30:00',	'admin'),
(1600,	0000000084,	1,	1,	8000,	8000,	'2024-07-15 16:45:00',	'admin',	'2024-07-15 16:45:00',	'admin'),
(1601,	0000000084,	4,	1,	12000,	12000,	'2024-07-15 16:45:00',	'admin',	'2024-07-15 16:45:00',	'admin'),
(1602,	0000000085,	2,	1,	10000,	10000,	'2024-07-18 09:20:00',	'admin',	'2024-07-18 09:20:00',	'admin'),
(1603,	0000000085,	3,	1,	10000,	10000,	'2024-07-18 09:20:00',	'admin',	'2024-07-18 09:20:00',	'admin'),
(1604,	0000000085,	7,	1,	15000,	15000,	'2024-07-18 09:20:00',	'admin',	'2024-07-18 09:20:00',	'admin'),
(1605,	0000000086,	1,	1,	8000,	8000,	'2024-07-20 11:35:00',	'admin',	'2024-07-20 11:35:00',	'admin'),
(1606,	0000000087,	2,	1,	10000,	10000,	'2024-07-22 13:50:00',	'admin',	'2024-07-22 13:50:00',	'admin'),
(1607,	0000000087,	4,	1,	12000,	12000,	'2024-07-22 13:50:00',	'admin',	'2024-07-22 13:50:00',	'admin'),
(1608,	0000000088,	1,	1,	8000,	8000,	'2024-07-25 15:25:00',	'admin',	'2024-07-25 15:25:00',	'admin'),
(1609,	0000000088,	2,	1,	10000,	10000,	'2024-07-25 15:25:00',	'admin',	'2024-07-25 15:25:00',	'admin'),
(1610,	0000000088,	7,	1,	15000,	15000,	'2024-07-25 15:25:00',	'admin',	'2024-07-25 15:25:00',	'admin'),
(1611,	0000000089,	1,	1,	8000,	8000,	'2024-07-27 10:40:00',	'admin',	'2024-07-27 10:40:00',	'admin'),
(1612,	0000000089,	7,	1,	15000,	15000,	'2024-07-27 10:40:00',	'admin',	'2024-07-27 10:40:00',	'admin'),
(1613,	0000000090,	7,	1,	15000,	15000,	'2024-07-29 12:55:00',	'admin',	'2024-07-29 12:55:00',	'admin'),
(1614,	0000000091,	1,	2,	8000,	16000,	'2024-07-31 14:20:00',	'admin',	'2024-07-31 14:20:00',	'admin'),
(1615,	0000000091,	2,	1,	10000,	10000,	'2024-07-31 14:20:00',	'admin',	'2024-07-31 14:20:00',	'admin'),
(1616,	0000000091,	3,	1,	10000,	10000,	'2024-07-31 14:20:00',	'admin',	'2024-07-31 14:20:00',	'admin'),
(1617,	0000000091,	4,	1,	12000,	12000,	'2024-07-31 14:20:00',	'admin',	'2024-07-31 14:20:00',	'admin'),
(1618,	0000000092,	1,	1,	8000,	8000,	'2024-08-02 09:30:00',	'admin',	'2024-08-02 09:30:00',	'admin'),
(1619,	0000000092,	2,	1,	10000,	10000,	'2024-08-02 09:30:00',	'admin',	'2024-08-02 09:30:00',	'admin'),
(1620,	0000000093,	1,	1,	8000,	8000,	'2024-08-05 11:45:00',	'admin',	'2024-08-05 11:45:00',	'admin'),
(1621,	0000000093,	3,	1,	10000,	10000,	'2024-08-05 11:45:00',	'admin',	'2024-08-05 11:45:00',	'admin'),
(1622,	0000000093,	7,	1,	15000,	15000,	'2024-08-05 11:45:00',	'admin',	'2024-08-05 11:45:00',	'admin'),
(1623,	0000000094,	4,	1,	12000,	12000,	'2024-08-08 13:20:00',	'admin',	'2024-08-08 13:20:00',	'admin'),
(1624,	0000000095,	1,	2,	8000,	16000,	'2024-08-12 15:35:00',	'admin',	'2024-08-12 15:35:00',	'admin'),
(1625,	0000000095,	2,	1,	10000,	10000,	'2024-08-12 15:35:00',	'admin',	'2024-08-12 15:35:00',	'admin'),
(1626,	0000000095,	3,	1,	10000,	10000,	'2024-08-12 15:35:00',	'admin',	'2024-08-12 15:35:00',	'admin'),
(1627,	0000000095,	4,	1,	12000,	12000,	'2024-08-12 15:35:00',	'admin',	'2024-08-12 15:35:00',	'admin'),
(1628,	0000000096,	1,	1,	8000,	8000,	'2024-08-15 10:50:00',	'admin',	'2024-08-15 10:50:00',	'admin'),
(1629,	0000000096,	4,	1,	12000,	12000,	'2024-08-15 10:50:00',	'admin',	'2024-08-15 10:50:00',	'admin'),
(1630,	0000000097,	2,	1,	10000,	10000,	'2024-08-18 12:25:00',	'admin',	'2024-08-18 12:25:00',	'admin'),
(1631,	0000000097,	3,	1,	10000,	10000,	'2024-08-18 12:25:00',	'admin',	'2024-08-18 12:25:00',	'admin'),
(1632,	0000000097,	7,	1,	15000,	15000,	'2024-08-18 12:25:00',	'admin',	'2024-08-18 12:25:00',	'admin'),
(1633,	0000000098,	1,	1,	8000,	8000,	'2024-08-20 14:40:00',	'admin',	'2024-08-20 14:40:00',	'admin'),
(1634,	0000000099,	2,	1,	10000,	10000,	'2024-08-22 16:55:00',	'admin',	'2024-08-22 16:55:00',	'admin'),
(1635,	0000000099,	4,	1,	12000,	12000,	'2024-08-22 16:55:00',	'admin',	'2024-08-22 16:55:00',	'admin'),
(1636,	0000000100,	1,	1,	8000,	8000,	'2024-08-25 09:25:00',	'admin',	'2024-08-25 09:25:00',	'admin'),
(1637,	0000000100,	2,	1,	10000,	10000,	'2024-08-25 09:25:00',	'admin',	'2024-08-25 09:25:00',	'admin'),
(1638,	0000000100,	7,	1,	15000,	15000,	'2024-08-25 09:25:00',	'admin',	'2024-08-25 09:25:00',	'admin'),
(1639,	0000000101,	1,	1,	8000,	8000,	'2024-08-27 11:40:00',	'admin',	'2024-08-27 11:40:00',	'admin'),
(1640,	0000000101,	7,	1,	15000,	15000,	'2024-08-27 11:40:00',	'admin',	'2024-08-27 11:40:00',	'admin'),
(1641,	0000000102,	2,	1,	10000,	10000,	'2024-08-29 13:55:00',	'admin',	'2024-08-29 13:55:00',	'admin'),
(1642,	0000000103,	1,	2,	8000,	16000,	'2024-08-31 15:30:00',	'admin',	'2024-08-31 15:30:00',	'admin'),
(1643,	0000000103,	2,	1,	10000,	10000,	'2024-08-31 15:30:00',	'admin',	'2024-08-31 15:30:00',	'admin'),
(1644,	0000000103,	3,	1,	10000,	10000,	'2024-08-31 15:30:00',	'admin',	'2024-08-31 15:30:00',	'admin'),
(1645,	0000000103,	4,	1,	12000,	12000,	'2024-08-31 15:30:00',	'admin',	'2024-08-31 15:30:00',	'admin'),
(1646,	0000000104,	1,	1,	8000,	8000,	'2024-09-02 09:15:00',	'admin',	'2024-09-02 09:15:00',	'admin'),
(1647,	0000000104,	2,	1,	10000,	10000,	'2024-09-02 09:15:00',	'admin',	'2024-09-02 09:15:00',	'admin'),
(1648,	0000000105,	1,	1,	8000,	8000,	'2024-09-05 11:30:00',	'admin',	'2024-09-05 11:30:00',	'admin'),
(1649,	0000000105,	3,	1,	10000,	10000,	'2024-09-05 11:30:00',	'admin',	'2024-09-05 11:30:00',	'admin'),
(1650,	0000000105,	7,	1,	15000,	15000,	'2024-09-05 11:30:00',	'admin',	'2024-09-05 11:30:00',	'admin'),
(1651,	0000000106,	1,	1,	8000,	8000,	'2024-09-08 14:20:00',	'admin',	'2024-09-08 14:20:00',	'admin'),
(1652,	0000000107,	1,	2,	8000,	16000,	'2024-09-12 16:45:00',	'admin',	'2024-09-12 16:45:00',	'admin'),
(1653,	0000000107,	2,	1,	10000,	10000,	'2024-09-12 16:45:00',	'admin',	'2024-09-12 16:45:00',	'admin'),
(1654,	0000000107,	3,	1,	10000,	10000,	'2024-09-12 16:45:00',	'admin',	'2024-09-12 16:45:00',	'admin'),
(1655,	0000000107,	4,	1,	12000,	12000,	'2024-09-12 16:45:00',	'admin',	'2024-09-12 16:45:00',	'admin'),
(1656,	0000000108,	1,	1,	8000,	8000,	'2024-09-15 10:10:00',	'admin',	'2024-09-15 10:10:00',	'admin'),
(1657,	0000000108,	4,	1,	12000,	12000,	'2024-09-15 10:10:00',	'admin',	'2024-09-15 10:10:00',	'admin'),
(1658,	0000000109,	2,	1,	10000,	10000,	'2024-09-18 12:25:00',	'admin',	'2024-09-18 12:25:00',	'admin'),
(1659,	0000000109,	3,	1,	10000,	10000,	'2024-09-18 12:25:00',	'admin',	'2024-09-18 12:25:00',	'admin'),
(1660,	0000000109,	7,	1,	15000,	15000,	'2024-09-18 12:25:00',	'admin',	'2024-09-18 12:25:00',	'admin'),
(1661,	0000000110,	2,	1,	10000,	10000,	'2024-09-20 14:40:00',	'admin',	'2024-09-20 14:40:00',	'admin'),
(1662,	0000000111,	2,	1,	10000,	10000,	'2024-09-22 16:55:00',	'admin',	'2024-09-22 16:55:00',	'admin'),
(1663,	0000000111,	4,	1,	12000,	12000,	'2024-09-22 16:55:00',	'admin',	'2024-09-22 16:55:00',	'admin'),
(1664,	0000000112,	1,	1,	8000,	8000,	'2024-09-25 09:20:00',	'admin',	'2024-09-25 09:20:00',	'admin'),
(1665,	0000000112,	2,	1,	10000,	10000,	'2024-09-25 09:20:00',	'admin',	'2024-09-25 09:20:00',	'admin'),
(1666,	0000000112,	7,	1,	15000,	15000,	'2024-09-25 09:20:00',	'admin',	'2024-09-25 09:20:00',	'admin'),
(1667,	0000000113,	1,	1,	8000,	8000,	'2024-09-27 11:35:00',	'admin',	'2024-09-27 11:35:00',	'admin'),
(1668,	0000000113,	7,	1,	15000,	15000,	'2024-09-27 11:35:00',	'admin',	'2024-09-27 11:35:00',	'admin'),
(1669,	0000000114,	7,	1,	15000,	15000,	'2024-09-29 13:50:00',	'admin',	'2024-09-29 13:50:00',	'admin'),
(1670,	0000000115,	1,	2,	8000,	16000,	'2024-09-30 15:15:00',	'admin',	'2024-09-30 15:15:00',	'admin'),
(1671,	0000000115,	2,	1,	10000,	10000,	'2024-09-30 15:15:00',	'admin',	'2024-09-30 15:15:00',	'admin'),
(1672,	0000000115,	3,	1,	10000,	10000,	'2024-09-30 15:15:00',	'admin',	'2024-09-30 15:15:00',	'admin'),
(1673,	0000000115,	4,	1,	12000,	12000,	'2024-09-30 15:15:00',	'admin',	'2024-09-30 15:15:00',	'admin'),
(1674,	0000000116,	1,	1,	8000,	8000,	'2024-09-28 10:30:00',	'admin',	'2024-09-28 10:30:00',	'admin'),
(1675,	0000000116,	7,	1,	15000,	15000,	'2024-09-28 10:30:00',	'admin',	'2024-09-28 10:30:00',	'admin'),
(1676,	0000000117,	2,	1,	10000,	10000,	'2024-09-26 12:45:00',	'admin',	'2024-09-26 12:45:00',	'admin'),
(1677,	0000000117,	3,	1,	10000,	10000,	'2024-09-26 12:45:00',	'admin',	'2024-09-26 12:45:00',	'admin'),
(1678,	0000000117,	4,	1,	12000,	12000,	'2024-09-26 12:45:00',	'admin',	'2024-09-26 12:45:00',	'admin'),
(1679,	0000000117,	7,	1,	15000,	15000,	'2024-09-26 12:45:00',	'admin',	'2024-09-26 12:45:00',	'admin'),
(1680,	0000000118,	4,	1,	12000,	12000,	'2024-09-24 14:20:00',	'admin',	'2024-09-24 14:20:00',	'admin'),
(1681,	0000000119,	1,	1,	8000,	8000,	'2024-09-21 16:35:00',	'admin',	'2024-09-21 16:35:00',	'admin'),
(1682,	0000000119,	2,	1,	10000,	10000,	'2024-09-21 16:35:00',	'admin',	'2024-09-21 16:35:00',	'admin'),
(1683,	0000000120,	1,	2,	8000,	16000,	'2024-09-19 09:50:00',	'admin',	'2024-09-19 09:50:00',	'admin'),
(1684,	0000000120,	2,	1,	10000,	10000,	'2024-09-19 09:50:00',	'admin',	'2024-09-19 09:50:00',	'admin'),
(1685,	0000000120,	3,	1,	10000,	10000,	'2024-09-19 09:50:00',	'admin',	'2024-09-19 09:50:00',	'admin'),
(1686,	0000000120,	7,	1,	15000,	15000,	'2024-09-19 09:50:00',	'admin',	'2024-09-19 09:50:00',	'admin'),
(1687,	0000000121,	1,	1,	8000,	8000,	'2024-09-17 11:15:00',	'admin',	'2024-09-17 11:15:00',	'admin'),
(1688,	0000000121,	3,	1,	10000,	10000,	'2024-09-17 11:15:00',	'admin',	'2024-09-17 11:15:00',	'admin'),
(1689,	0000000121,	7,	1,	15000,	15000,	'2024-09-17 11:15:00',	'admin',	'2024-09-17 11:15:00',	'admin'),
(1690,	0000000122,	1,	1,	8000,	8000,	'2024-09-14 13:30:00',	'admin',	'2024-09-14 13:30:00',	'admin'),
(1691,	0000000122,	4,	1,	12000,	12000,	'2024-09-14 13:30:00',	'admin',	'2024-09-14 13:30:00',	'admin'),
(1692,	0000000123,	1,	1,	8000,	8000,	'2024-09-11 15:45:00',	'admin',	'2024-09-11 15:45:00',	'admin'),
(1693,	0000000124,	2,	1,	10000,	10000,	'2024-09-09 10:20:00',	'admin',	'2024-09-09 10:20:00',	'admin'),
(1694,	0000000124,	3,	1,	10000,	10000,	'2024-09-09 10:20:00',	'admin',	'2024-09-09 10:20:00',	'admin'),
(1695,	0000000124,	7,	1,	15000,	15000,	'2024-09-09 10:20:00',	'admin',	'2024-09-09 10:20:00',	'admin'),
(1696,	0000000125,	2,	1,	10000,	10000,	'2024-09-07 12:35:00',	'admin',	'2024-09-07 12:35:00',	'admin'),
(1697,	0000000125,	4,	1,	12000,	12000,	'2024-09-07 12:35:00',	'admin',	'2024-09-07 12:35:00',	'admin'),
(1698,	0000000126,	1,	2,	8000,	16000,	'2024-09-04 14:50:00',	'admin',	'2024-09-04 14:50:00',	'admin'),
(1699,	0000000126,	2,	1,	10000,	10000,	'2024-09-04 14:50:00',	'admin',	'2024-09-04 14:50:00',	'admin'),
(1700,	0000000126,	3,	1,	10000,	10000,	'2024-09-04 14:50:00',	'admin',	'2024-09-04 14:50:00',	'admin'),
(1701,	0000000126,	4,	1,	12000,	12000,	'2024-09-04 14:50:00',	'admin',	'2024-09-04 14:50:00',	'admin'),
(1702,	0000000127,	2,	1,	10000,	10000,	'2024-09-03 16:25:00',	'admin',	'2024-09-03 16:25:00',	'admin'),
(1703,	0000000128,	1,	1,	8000,	8000,	'2024-09-01 09:40:00',	'admin',	'2024-09-01 09:40:00',	'admin'),
(1704,	0000000128,	7,	1,	15000,	15000,	'2024-09-01 09:40:00',	'admin',	'2024-09-01 09:40:00',	'admin'),
(1705,	0000000129,	1,	1,	8000,	8000,	'2024-10-02 08:55:00',	'admin',	'2024-10-02 08:55:00',	'admin'),
(1706,	0000000129,	2,	1,	10000,	10000,	'2024-10-02 08:55:00',	'admin',	'2024-10-02 08:55:00',	'admin'),
(1707,	0000000129,	7,	1,	15000,	15000,	'2024-10-02 08:55:00',	'admin',	'2024-10-02 08:55:00',	'admin'),
(1708,	0000000130,	1,	1,	8000,	8000,	'2024-10-05 10:20:00',	'admin',	'2024-10-05 10:20:00',	'admin'),
(1709,	0000000130,	4,	1,	12000,	12000,	'2024-10-05 10:20:00',	'admin',	'2024-10-05 10:20:00',	'admin'),
(1710,	0000000131,	7,	1,	15000,	15000,	'2024-10-08 12:35:00',	'admin',	'2024-10-08 12:35:00',	'admin'),
(1711,	0000000132,	1,	2,	8000,	16000,	'2024-10-12 14:50:00',	'admin',	'2024-10-12 14:50:00',	'admin'),
(1712,	0000000132,	2,	1,	10000,	10000,	'2024-10-12 14:50:00',	'admin',	'2024-10-12 14:50:00',	'admin'),
(1713,	0000000132,	3,	1,	10000,	10000,	'2024-10-12 14:50:00',	'admin',	'2024-10-12 14:50:00',	'admin'),
(1714,	0000000132,	4,	1,	12000,	12000,	'2024-10-12 14:50:00',	'admin',	'2024-10-12 14:50:00',	'admin'),
(1715,	0000000133,	1,	1,	8000,	8000,	'2024-10-15 16:15:00',	'admin',	'2024-10-15 16:15:00',	'admin'),
(1716,	0000000133,	4,	1,	12000,	12000,	'2024-10-15 16:15:00',	'admin',	'2024-10-15 16:15:00',	'admin'),
(1717,	0000000134,	2,	1,	10000,	10000,	'2024-10-18 09:30:00',	'admin',	'2024-10-18 09:30:00',	'admin'),
(1718,	0000000134,	3,	1,	10000,	10000,	'2024-10-18 09:30:00',	'admin',	'2024-10-18 09:30:00',	'admin'),
(1719,	0000000134,	7,	1,	15000,	15000,	'2024-10-18 09:30:00',	'admin',	'2024-10-18 09:30:00',	'admin'),
(1720,	0000000135,	1,	1,	8000,	8000,	'2024-10-20 11:45:00',	'admin',	'2024-10-20 11:45:00',	'admin'),
(1721,	0000000136,	2,	1,	10000,	10000,	'2024-10-22 13:20:00',	'admin',	'2024-10-22 13:20:00',	'admin'),
(1722,	0000000136,	4,	1,	12000,	12000,	'2024-10-22 13:20:00',	'admin',	'2024-10-22 13:20:00',	'admin'),
(1723,	0000000137,	1,	1,	8000,	8000,	'2024-10-25 15:35:00',	'admin',	'2024-10-25 15:35:00',	'admin'),
(1724,	0000000137,	2,	1,	10000,	10000,	'2024-10-25 15:35:00',	'admin',	'2024-10-25 15:35:00',	'admin'),
(1725,	0000000137,	7,	1,	15000,	15000,	'2024-10-25 15:35:00',	'admin',	'2024-10-25 15:35:00',	'admin'),
(1726,	0000000138,	1,	1,	8000,	8000,	'2024-10-27 10:10:00',	'admin',	'2024-10-27 10:10:00',	'admin'),
(1727,	0000000138,	7,	1,	15000,	15000,	'2024-10-27 10:10:00',	'admin',	'2024-10-27 10:10:00',	'admin'),
(1728,	0000000139,	4,	1,	12000,	12000,	'2024-10-29 12:25:00',	'admin',	'2024-10-29 12:25:00',	'admin'),
(1729,	0000000140,	1,	2,	8000,	16000,	'2024-10-30 14:40:00',	'admin',	'2024-10-30 14:40:00',	'admin'),
(1730,	0000000140,	2,	1,	10000,	10000,	'2024-10-30 14:40:00',	'admin',	'2024-10-30 14:40:00',	'admin'),
(1731,	0000000140,	3,	1,	10000,	10000,	'2024-10-30 14:40:00',	'admin',	'2024-10-30 14:40:00',	'admin'),
(1732,	0000000140,	4,	1,	12000,	12000,	'2024-10-30 14:40:00',	'admin',	'2024-10-30 14:40:00',	'admin'),
(1733,	0000000141,	1,	1,	8000,	8000,	'2024-10-28 16:55:00',	'admin',	'2024-10-28 16:55:00',	'admin'),
(1734,	0000000141,	7,	1,	15000,	15000,	'2024-10-28 16:55:00',	'admin',	'2024-10-28 16:55:00',	'admin'),
(1735,	0000000142,	2,	1,	10000,	10000,	'2024-10-26 11:05:00',	'admin',	'2024-10-26 11:05:00',	'admin'),
(1736,	0000000142,	3,	1,	10000,	10000,	'2024-10-26 11:05:00',	'admin',	'2024-10-26 11:05:00',	'admin'),
(1737,	0000000142,	4,	1,	12000,	12000,	'2024-10-26 11:05:00',	'admin',	'2024-10-26 11:05:00',	'admin'),
(1738,	0000000142,	7,	1,	15000,	15000,	'2024-10-26 11:05:00',	'admin',	'2024-10-26 11:05:00',	'admin'),
(1739,	0000000143,	2,	1,	10000,	10000,	'2024-10-24 13:20:00',	'admin',	'2024-10-24 13:20:00',	'admin'),
(1740,	0000000144,	1,	1,	8000,	8000,	'2024-10-21 15:35:00',	'admin',	'2024-10-21 15:35:00',	'admin'),
(1741,	0000000144,	4,	1,	12000,	12000,	'2024-10-21 15:35:00',	'admin',	'2024-10-21 15:35:00',	'admin'),
(1742,	0000000145,	1,	2,	8000,	16000,	'2024-10-19 09:50:00',	'admin',	'2024-10-19 09:50:00',	'admin'),
(1743,	0000000145,	2,	1,	10000,	10000,	'2024-10-19 09:50:00',	'admin',	'2024-10-19 09:50:00',	'admin'),
(1744,	0000000145,	3,	1,	10000,	10000,	'2024-10-19 09:50:00',	'admin',	'2024-10-19 09:50:00',	'admin'),
(1745,	0000000145,	7,	1,	15000,	15000,	'2024-10-19 09:50:00',	'admin',	'2024-10-19 09:50:00',	'admin'),
(1746,	0000000146,	1,	1,	8000,	8000,	'2024-10-17 11:15:00',	'admin',	'2024-10-17 11:15:00',	'admin'),
(1747,	0000000146,	3,	1,	10000,	10000,	'2024-10-17 11:15:00',	'admin',	'2024-10-17 11:15:00',	'admin'),
(1748,	0000000146,	7,	1,	15000,	15000,	'2024-10-17 11:15:00',	'admin',	'2024-10-17 11:15:00',	'admin'),
(1749,	0000000147,	1,	1,	8000,	8000,	'2024-10-14 13:30:00',	'admin',	'2024-10-14 13:30:00',	'admin'),
(1750,	0000000147,	4,	1,	12000,	12000,	'2024-10-14 13:30:00',	'admin',	'2024-10-14 13:30:00',	'admin'),
(1751,	0000000148,	1,	1,	8000,	8000,	'2024-10-11 15:45:00',	'admin',	'2024-10-11 15:45:00',	'admin'),
(1752,	0000000149,	2,	1,	10000,	10000,	'2024-10-09 10:20:00',	'admin',	'2024-10-09 10:20:00',	'admin'),
(1753,	0000000149,	3,	1,	10000,	10000,	'2024-10-09 10:20:00',	'admin',	'2024-10-09 10:20:00',	'admin'),
(1754,	0000000149,	7,	1,	15000,	15000,	'2024-10-09 10:20:00',	'admin',	'2024-10-09 10:20:00',	'admin'),
(1755,	0000000150,	2,	1,	10000,	10000,	'2024-10-07 12:35:00',	'admin',	'2024-10-07 12:35:00',	'admin'),
(1756,	0000000150,	4,	1,	12000,	12000,	'2024-10-07 12:35:00',	'admin',	'2024-10-07 12:35:00',	'admin'),
(1757,	0000000151,	1,	2,	8000,	16000,	'2024-10-04 14:50:00',	'admin',	'2024-10-04 14:50:00',	'admin'),
(1758,	0000000151,	2,	1,	10000,	10000,	'2024-10-04 14:50:00',	'admin',	'2024-10-04 14:50:00',	'admin'),
(1759,	0000000151,	3,	1,	10000,	10000,	'2024-10-04 14:50:00',	'admin',	'2024-10-04 14:50:00',	'admin'),
(1760,	0000000151,	4,	1,	12000,	12000,	'2024-10-04 14:50:00',	'admin',	'2024-10-04 14:50:00',	'admin'),
(1761,	0000000152,	7,	1,	15000,	15000,	'2024-10-03 16:25:00',	'admin',	'2024-10-03 16:25:00',	'admin'),
(1762,	0000000153,	1,	1,	8000,	8000,	'2024-10-01 09:40:00',	'admin',	'2024-10-01 09:40:00',	'admin'),
(1763,	0000000153,	7,	1,	15000,	15000,	'2024-10-01 09:40:00',	'admin',	'2024-10-01 09:40:00',	'admin'),
(1764,	0000000154,	1,	1,	8000,	8000,	'2024-11-02 08:30:00',	'admin',	'2024-11-02 08:30:00',	'admin'),
(1765,	0000000154,	4,	1,	12000,	12000,	'2024-11-02 08:30:00',	'admin',	'2024-11-02 08:30:00',	'admin'),
(1766,	0000000155,	1,	1,	8000,	8000,	'2024-11-05 10:45:00',	'admin',	'2024-11-05 10:45:00',	'admin'),
(1767,	0000000155,	2,	1,	10000,	10000,	'2024-11-05 10:45:00',	'admin',	'2024-11-05 10:45:00',	'admin'),
(1768,	0000000155,	7,	1,	15000,	15000,	'2024-11-05 10:45:00',	'admin',	'2024-11-05 10:45:00',	'admin'),
(1769,	0000000156,	4,	1,	12000,	12000,	'2024-11-08 12:20:00',	'admin',	'2024-11-08 12:20:00',	'admin'),
(1770,	0000000157,	1,	2,	8000,	16000,	'2024-11-12 14:35:00',	'admin',	'2024-11-12 14:35:00',	'admin'),
(1771,	0000000157,	2,	1,	10000,	10000,	'2024-11-12 14:35:00',	'admin',	'2024-11-12 14:35:00',	'admin'),
(1772,	0000000157,	3,	1,	10000,	10000,	'2024-11-12 14:35:00',	'admin',	'2024-11-12 14:35:00',	'admin'),
(1773,	0000000157,	4,	1,	12000,	12000,	'2024-11-12 14:35:00',	'admin',	'2024-11-12 14:35:00',	'admin'),
(1774,	0000000158,	1,	1,	8000,	8000,	'2024-11-15 16:50:00',	'admin',	'2024-11-15 16:50:00',	'admin'),
(1775,	0000000158,	4,	1,	12000,	12000,	'2024-11-15 16:50:00',	'admin',	'2024-11-15 16:50:00',	'admin'),
(1776,	0000000159,	2,	1,	10000,	10000,	'2024-11-18 09:15:00',	'admin',	'2024-11-18 09:15:00',	'admin'),
(1777,	0000000159,	3,	1,	10000,	10000,	'2024-11-18 09:15:00',	'admin',	'2024-11-18 09:15:00',	'admin'),
(1778,	0000000159,	7,	1,	15000,	15000,	'2024-11-18 09:15:00',	'admin',	'2024-11-18 09:15:00',	'admin'),
(1779,	0000000160,	1,	1,	8000,	8000,	'2024-11-20 11:30:00',	'admin',	'2024-11-20 11:30:00',	'admin'),
(1780,	0000000161,	2,	1,	10000,	10000,	'2024-11-22 13:45:00',	'admin',	'2024-11-22 13:45:00',	'admin'),
(1781,	0000000161,	4,	1,	12000,	12000,	'2024-11-22 13:45:00',	'admin',	'2024-11-22 13:45:00',	'admin'),
(1782,	0000000162,	1,	1,	8000,	8000,	'2024-11-25 15:20:00',	'admin',	'2024-11-25 15:20:00',	'admin'),
(1783,	0000000162,	2,	1,	10000,	10000,	'2024-11-25 15:20:00',	'admin',	'2024-11-25 15:20:00',	'admin'),
(1784,	0000000162,	7,	1,	15000,	15000,	'2024-11-25 15:20:00',	'admin',	'2024-11-25 15:20:00',	'admin'),
(1785,	0000000163,	1,	1,	8000,	8000,	'2024-11-27 10:35:00',	'admin',	'2024-11-27 10:35:00',	'admin'),
(1786,	0000000163,	7,	1,	15000,	15000,	'2024-11-27 10:35:00',	'admin',	'2024-11-27 10:35:00',	'admin'),
(1787,	0000000164,	2,	1,	10000,	10000,	'2024-11-29 12:50:00',	'admin',	'2024-11-29 12:50:00',	'admin'),
(1788,	0000000165,	1,	2,	8000,	16000,	'2024-11-30 14:15:00',	'admin',	'2024-11-30 14:15:00',	'admin'),
(1789,	0000000165,	2,	1,	10000,	10000,	'2024-11-30 14:15:00',	'admin',	'2024-11-30 14:15:00',	'admin'),
(1790,	0000000165,	3,	1,	10000,	10000,	'2024-11-30 14:15:00',	'admin',	'2024-11-30 14:15:00',	'admin'),
(1791,	0000000165,	4,	1,	12000,	12000,	'2024-11-30 14:15:00',	'admin',	'2024-11-30 14:15:00',	'admin'),
(1792,	0000000166,	1,	1,	8000,	8000,	'2024-11-28 16:30:00',	'admin',	'2024-11-28 16:30:00',	'admin'),
(1793,	0000000166,	7,	1,	15000,	15000,	'2024-11-28 16:30:00',	'admin',	'2024-11-28 16:30:00',	'admin'),
(1794,	0000000167,	2,	1,	10000,	10000,	'2024-11-26 11:45:00',	'admin',	'2024-11-26 11:45:00',	'admin'),
(1795,	0000000167,	3,	1,	10000,	10000,	'2024-11-26 11:45:00',	'admin',	'2024-11-26 11:45:00',	'admin'),
(1796,	0000000167,	4,	1,	12000,	12000,	'2024-11-26 11:45:00',	'admin',	'2024-11-26 11:45:00',	'admin'),
(1797,	0000000167,	7,	1,	15000,	15000,	'2024-11-26 11:45:00',	'admin',	'2024-11-26 11:45:00',	'admin'),
(1798,	0000000168,	7,	1,	15000,	15000,	'2024-11-24 13:20:00',	'admin',	'2024-11-24 13:20:00',	'admin'),
(1799,	0000000169,	1,	1,	8000,	8000,	'2024-11-21 15:35:00',	'admin',	'2024-11-21 15:35:00',	'admin'),
(1800,	0000000169,	4,	1,	12000,	12000,	'2024-11-21 15:35:00',	'admin',	'2024-11-21 15:35:00',	'admin'),
(1801,	0000000170,	1,	2,	8000,	16000,	'2024-11-19 09:50:00',	'admin',	'2024-11-19 09:50:00',	'admin'),
(1802,	0000000170,	2,	1,	10000,	10000,	'2024-11-19 09:50:00',	'admin',	'2024-11-19 09:50:00',	'admin'),
(1803,	0000000170,	3,	1,	10000,	10000,	'2024-11-19 09:50:00',	'admin',	'2024-11-19 09:50:00',	'admin'),
(1804,	0000000170,	7,	1,	15000,	15000,	'2024-11-19 09:50:00',	'admin',	'2024-11-19 09:50:00',	'admin'),
(1805,	0000000171,	1,	1,	8000,	8000,	'2024-11-17 11:15:00',	'admin',	'2024-11-17 11:15:00',	'admin'),
(1806,	0000000171,	3,	1,	10000,	10000,	'2024-11-17 11:15:00',	'admin',	'2024-11-17 11:15:00',	'admin'),
(1807,	0000000171,	7,	1,	15000,	15000,	'2024-11-17 11:15:00',	'admin',	'2024-11-17 11:15:00',	'admin'),
(1808,	0000000172,	1,	1,	8000,	8000,	'2024-11-14 13:30:00',	'admin',	'2024-11-14 13:30:00',	'admin'),
(1809,	0000000172,	4,	1,	12000,	12000,	'2024-11-14 13:30:00',	'admin',	'2024-11-14 13:30:00',	'admin'),
(1810,	0000000173,	1,	1,	8000,	8000,	'2024-11-11 15:45:00',	'admin',	'2024-11-11 15:45:00',	'admin'),
(1811,	0000000174,	2,	1,	10000,	10000,	'2024-11-09 10:20:00',	'admin',	'2024-11-09 10:20:00',	'admin'),
(1812,	0000000174,	3,	1,	10000,	10000,	'2024-11-09 10:20:00',	'admin',	'2024-11-09 10:20:00',	'admin'),
(1813,	0000000174,	7,	1,	15000,	15000,	'2024-11-09 10:20:00',	'admin',	'2024-11-09 10:20:00',	'admin'),
(1814,	0000000175,	2,	1,	10000,	10000,	'2024-11-07 12:35:00',	'admin',	'2024-11-07 12:35:00',	'admin'),
(1815,	0000000175,	4,	1,	12000,	12000,	'2024-11-07 12:35:00',	'admin',	'2024-11-07 12:35:00',	'admin'),
(1816,	0000000176,	1,	2,	8000,	16000,	'2024-11-04 14:50:00',	'admin',	'2024-11-04 14:50:00',	'admin'),
(1817,	0000000176,	2,	1,	10000,	10000,	'2024-11-04 14:50:00',	'admin',	'2024-11-04 14:50:00',	'admin'),
(1818,	0000000176,	3,	1,	10000,	10000,	'2024-11-04 14:50:00',	'admin',	'2024-11-04 14:50:00',	'admin'),
(1819,	0000000176,	4,	1,	12000,	12000,	'2024-11-04 14:50:00',	'admin',	'2024-11-04 14:50:00',	'admin'),
(1820,	0000000177,	4,	1,	12000,	12000,	'2024-11-03 16:25:00',	'admin',	'2024-11-03 16:25:00',	'admin'),
(1821,	0000000178,	1,	1,	8000,	8000,	'2024-11-01 09:40:00',	'admin',	'2024-11-01 09:40:00',	'admin'),
(1822,	0000000178,	7,	1,	15000,	15000,	'2024-11-01 09:40:00',	'admin',	'2024-11-01 09:40:00',	'admin'),
(1823,	0000000179,	1,	1,	8000,	8000,	'2024-12-02 08:45:00',	'admin',	'2024-12-02 08:45:00',	'admin'),
(1824,	0000000179,	2,	1,	10000,	10000,	'2024-12-02 08:45:00',	'admin',	'2024-12-02 08:45:00',	'admin'),
(1825,	0000000179,	7,	1,	15000,	15000,	'2024-12-02 08:45:00',	'admin',	'2024-12-02 08:45:00',	'admin'),
(1826,	0000000180,	1,	1,	8000,	8000,	'2024-12-05 10:20:00',	'admin',	'2024-12-05 10:20:00',	'admin'),
(1827,	0000000180,	4,	1,	12000,	12000,	'2024-12-05 10:20:00',	'admin',	'2024-12-05 10:20:00',	'admin'),
(1828,	0000000181,	2,	1,	10000,	10000,	'2024-12-08 12:35:00',	'admin',	'2024-12-08 12:35:00',	'admin'),
(1829,	0000000182,	1,	2,	8000,	16000,	'2024-12-12 14:50:00',	'admin',	'2024-12-12 14:50:00',	'admin'),
(1830,	0000000182,	2,	1,	10000,	10000,	'2024-12-12 14:50:00',	'admin',	'2024-12-12 14:50:00',	'admin'),
(1831,	0000000182,	3,	1,	10000,	10000,	'2024-12-12 14:50:00',	'admin',	'2024-12-12 14:50:00',	'admin'),
(1832,	0000000182,	4,	1,	12000,	12000,	'2024-12-12 14:50:00',	'admin',	'2024-12-12 14:50:00',	'admin'),
(1833,	0000000183,	1,	1,	8000,	8000,	'2024-12-15 16:15:00',	'admin',	'2024-12-15 16:15:00',	'admin'),
(1834,	0000000183,	4,	1,	12000,	12000,	'2024-12-15 16:15:00',	'admin',	'2024-12-15 16:15:00',	'admin'),
(1835,	0000000184,	2,	1,	10000,	10000,	'2024-12-18 09:30:00',	'admin',	'2024-12-18 09:30:00',	'admin'),
(1836,	0000000184,	3,	1,	10000,	10000,	'2024-12-18 09:30:00',	'admin',	'2024-12-18 09:30:00',	'admin'),
(1837,	0000000184,	7,	1,	15000,	15000,	'2024-12-18 09:30:00',	'admin',	'2024-12-18 09:30:00',	'admin'),
(1838,	0000000185,	1,	1,	8000,	8000,	'2024-12-20 11:45:00',	'admin',	'2024-12-20 11:45:00',	'admin'),
(1839,	0000000186,	2,	1,	10000,	10000,	'2024-12-22 13:20:00',	'admin',	'2024-12-22 13:20:00',	'admin'),
(1840,	0000000186,	4,	1,	12000,	12000,	'2024-12-22 13:20:00',	'admin',	'2024-12-22 13:20:00',	'admin'),
(1841,	0000000187,	1,	1,	8000,	8000,	'2024-12-25 15:35:00',	'admin',	'2024-12-25 15:35:00',	'admin'),
(1842,	0000000187,	2,	1,	10000,	10000,	'2024-12-25 15:35:00',	'admin',	'2024-12-25 15:35:00',	'admin'),
(1843,	0000000187,	7,	1,	15000,	15000,	'2024-12-25 15:35:00',	'admin',	'2024-12-25 15:35:00',	'admin'),
(1844,	0000000188,	1,	1,	8000,	8000,	'2024-12-27 10:10:00',	'admin',	'2024-12-27 10:10:00',	'admin'),
(1845,	0000000188,	7,	1,	15000,	15000,	'2024-12-27 10:10:00',	'admin',	'2024-12-27 10:10:00',	'admin'),
(1846,	0000000189,	7,	1,	15000,	15000,	'2024-12-29 12:25:00',	'admin',	'2024-12-29 12:25:00',	'admin'),
(1847,	0000000190,	1,	2,	8000,	16000,	'2024-12-30 14:40:00',	'admin',	'2024-12-30 14:40:00',	'admin'),
(1848,	0000000190,	2,	1,	10000,	10000,	'2024-12-30 14:40:00',	'admin',	'2024-12-30 14:40:00',	'admin'),
(1849,	0000000190,	3,	1,	10000,	10000,	'2024-12-30 14:40:00',	'admin',	'2024-12-30 14:40:00',	'admin'),
(1850,	0000000190,	4,	1,	12000,	12000,	'2024-12-30 14:40:00',	'admin',	'2024-12-30 14:40:00',	'admin'),
(1851,	0000000191,	1,	1,	8000,	8000,	'2024-12-28 16:55:00',	'admin',	'2024-12-28 16:55:00',	'admin'),
(1852,	0000000191,	7,	1,	15000,	15000,	'2024-12-28 16:55:00',	'admin',	'2024-12-28 16:55:00',	'admin'),
(1853,	0000000192,	2,	1,	10000,	10000,	'2024-12-26 11:05:00',	'admin',	'2024-12-26 11:05:00',	'admin'),
(1854,	0000000192,	3,	1,	10000,	10000,	'2024-12-26 11:05:00',	'admin',	'2024-12-26 11:05:00',	'admin'),
(1855,	0000000192,	4,	1,	12000,	12000,	'2024-12-26 11:05:00',	'admin',	'2024-12-26 11:05:00',	'admin'),
(1856,	0000000192,	7,	1,	15000,	15000,	'2024-12-26 11:05:00',	'admin',	'2024-12-26 11:05:00',	'admin'),
(1857,	0000000193,	4,	1,	12000,	12000,	'2024-12-24 13:20:00',	'admin',	'2024-12-24 13:20:00',	'admin'),
(1858,	0000000194,	1,	1,	8000,	8000,	'2024-12-21 15:35:00',	'admin',	'2024-12-21 15:35:00',	'admin'),
(1859,	0000000194,	4,	1,	12000,	12000,	'2024-12-21 15:35:00',	'admin',	'2024-12-21 15:35:00',	'admin'),
(1860,	0000000195,	1,	2,	8000,	16000,	'2024-12-19 09:50:00',	'admin',	'2024-12-19 09:50:00',	'admin'),
(1861,	0000000195,	2,	1,	10000,	10000,	'2024-12-19 09:50:00',	'admin',	'2024-12-19 09:50:00',	'admin'),
(1862,	0000000195,	3,	1,	10000,	10000,	'2024-12-19 09:50:00',	'admin',	'2024-12-19 09:50:00',	'admin'),
(1863,	0000000195,	7,	1,	15000,	15000,	'2024-12-19 09:50:00',	'admin',	'2024-12-19 09:50:00',	'admin'),
(1864,	0000000196,	1,	1,	8000,	8000,	'2024-12-17 11:15:00',	'admin',	'2024-12-17 11:15:00',	'admin'),
(1865,	0000000196,	3,	1,	10000,	10000,	'2024-12-17 11:15:00',	'admin',	'2024-12-17 11:15:00',	'admin'),
(1866,	0000000196,	7,	1,	15000,	15000,	'2024-12-17 11:15:00',	'admin',	'2024-12-17 11:15:00',	'admin'),
(1867,	0000000197,	1,	1,	8000,	8000,	'2024-12-14 13:30:00',	'admin',	'2024-12-14 13:30:00',	'admin'),
(1868,	0000000197,	4,	1,	12000,	12000,	'2024-12-14 13:30:00',	'admin',	'2024-12-14 13:30:00',	'admin'),
(1869,	0000000198,	1,	1,	8000,	8000,	'2024-12-11 15:45:00',	'admin',	'2024-12-11 15:45:00',	'admin'),
(1870,	0000000199,	2,	1,	10000,	10000,	'2024-12-09 10:20:00',	'admin',	'2024-12-09 10:20:00',	'admin'),
(1871,	0000000199,	3,	1,	10000,	10000,	'2024-12-09 10:20:00',	'admin',	'2024-12-09 10:20:00',	'admin'),
(1872,	0000000199,	7,	1,	15000,	15000,	'2024-12-09 10:20:00',	'admin',	'2024-12-09 10:20:00',	'admin'),
(1873,	0000000200,	2,	1,	10000,	10000,	'2024-12-07 12:35:00',	'admin',	'2024-12-07 12:35:00',	'admin'),
(1874,	0000000200,	4,	1,	12000,	12000,	'2024-12-07 12:35:00',	'admin',	'2024-12-07 12:35:00',	'admin'),
(1875,	0000000201,	1,	2,	8000,	16000,	'2024-12-04 14:50:00',	'admin',	'2024-12-04 14:50:00',	'admin'),
(1876,	0000000201,	2,	1,	10000,	10000,	'2024-12-04 14:50:00',	'admin',	'2024-12-04 14:50:00',	'admin'),
(1877,	0000000201,	3,	1,	10000,	10000,	'2024-12-04 14:50:00',	'admin',	'2024-12-04 14:50:00',	'admin'),
(1878,	0000000201,	4,	1,	12000,	12000,	'2024-12-04 14:50:00',	'admin',	'2024-12-04 14:50:00',	'admin'),
(1879,	0000000202,	2,	1,	10000,	10000,	'2024-12-03 16:25:00',	'admin',	'2024-12-03 16:25:00',	'admin'),
(1880,	0000000203,	1,	1,	8000,	8000,	'2024-12-31 09:40:00',	'admin',	'2024-12-31 09:40:00',	'admin'),
(1881,	0000000203,	7,	1,	15000,	15000,	'2024-12-31 09:40:00',	'admin',	'2024-12-31 09:40:00',	'admin'),
(1882,	0000000204,	3,	10,	10000,	100000,	'2025-08-12 23:04:00',	'user',	'2025-08-12 23:04:00',	'user');

DROP TABLE IF EXISTS `user`;
CREATE TABLE `user` (
  `iduser` varchar(100) NOT NULL,
  `passuser` varchar(255) NOT NULL,
  `roleuser` char(1) NOT NULL,
  `is_active` enum('1','0') NOT NULL,
  `created_at` datetime NOT NULL,
  `created_by` varchar(100) NOT NULL,
  `updated_at` datetime NOT NULL,
  `updated_by` varchar(100) NOT NULL,
  PRIMARY KEY (`iduser`)
) ENGINE=InnoDB DEFAULT CHARSET=utf8mb4;

TRUNCATE `user`;
INSERT INTO `user` (`iduser`, `passuser`, `roleuser`, `is_active`, `created_at`, `created_by`, `updated_at`, `updated_by`) VALUES
('admin',	'21232f297a57a5a743894a0e4a801fc3',	'1',	'1',	'2025-08-10 16:55:18',	'SYSTEM',	'2025-08-10 16:55:18',	'SYSTEM'),
('user',	'ee11cbb19052e40b07aac0ca060c23ee',	'2',	'1',	'2025-08-10 18:17:08',	'SYSTEM',	'2025-08-12 17:52:57',	'admin');

-- 2025-08-12 16:47:52
